index,actual_score,point_prediction,lower_bound_80,upper_bound_80,lower_bound_90,upper_bound_90,lower_bound_95,upper_bound_95,interval_width_90,covered_90
0,5.3,4.817999999999997,4.402399999999986,5.233600000000008,4.22379999999995,5.412200000000044,4.027799999999996,5.608199999999998,1.1884000000000938,True
1,5.8,5.863399999999978,5.447799999999967,6.278999999999989,5.269199999999931,6.457600000000025,5.073199999999977,6.6535999999999795,1.1884000000000938,True
2,3.8,4.122599999999998,3.7069999999999865,4.538200000000009,3.5283999999999507,4.7168000000000445,3.3323999999999963,4.912799999999999,1.1884000000000938,True
3,5.6,5.650599999999984,5.234999999999973,6.066199999999995,5.056399999999937,6.244800000000031,4.8603999999999825,6.440799999999985,1.1884000000000938,True
4,7.5,7.25520000000003,6.8396000000000186,7.670800000000041,6.660999999999983,7.8494000000000765,6.465000000000028,8.045400000000031,1.1884000000000938,True
5,6.1,5.8910000000000124,5.475400000000001,6.3066000000000235,5.2967999999999655,6.485200000000059,5.100800000000011,6.681200000000014,1.1884000000000938,True
6,5.7,5.419200000000005,5.003599999999994,5.834800000000016,4.824999999999958,6.013400000000052,4.629000000000004,6.209400000000007,1.1884000000000938,True
7,6.8,6.8017999999999965,6.386199999999985,7.217400000000008,6.20759999999995,7.396000000000043,6.011599999999995,7.591999999999998,1.1884000000000938,True
8,7.1,6.997666666666667,6.582066666666656,7.413266666666678,6.4034666666666205,7.591866666666714,6.207466666666666,7.787866666666669,1.1884000000000938,True
9,5.0,4.8606,4.444999999999989,5.276200000000011,4.266399999999953,5.454800000000047,4.0703999999999985,5.650800000000001,1.1884000000000938,True
10,5.8,5.861399999999998,5.445799999999987,6.277000000000009,5.267199999999951,6.455600000000045,5.071199999999997,6.651599999999999,1.1884000000000938,True
11,6.5,6.2811999999999895,5.865599999999978,6.6968000000000005,5.6869999999999425,6.875400000000036,5.490999999999988,7.071399999999991,1.1884000000000938,True
12,6.9,6.8142000000000325,6.398600000000021,7.2298000000000435,6.2199999999999855,7.408400000000079,6.024000000000031,7.604400000000034,1.1884000000000938,True
13,5.0,4.934000000000007,4.518399999999996,5.349600000000018,4.33979999999996,5.528200000000054,4.143800000000006,5.724200000000009,1.1884000000000938,True
14,6.4,6.0385999999999935,5.6229999999999825,6.454200000000005,5.444399999999947,6.63280000000004,5.248399999999992,6.828799999999995,1.1884000000000938,True
15,6.6,6.62019999999995,6.204599999999939,7.035799999999961,6.025999999999903,7.214399999999997,5.829999999999949,7.410399999999951,1.1884000000000938,True
16,5.4,5.444800000000002,5.029199999999991,5.860400000000013,4.850599999999955,6.0390000000000486,4.6546,6.235000000000003,1.1884000000000938,True
17,3.8,4.313199999999986,3.897599999999975,4.728799999999997,3.718999999999939,4.907400000000033,3.5229999999999846,5.103399999999987,1.1884000000000938,True
18,6.1,5.9281999999999595,5.512599999999948,6.343799999999971,5.333999999999913,6.522400000000006,5.137999999999958,6.718399999999961,1.1884000000000938,True
19,8.3,8.237400000000042,7.821800000000031,8.653000000000052,7.643199999999995,8.831600000000089,7.4472000000000405,9.027600000000042,1.1884000000000938,True
20,8.8,8.678600000000054,8.263000000000044,9.094200000000065,8.084400000000008,9.272800000000101,7.888400000000053,9.468800000000055,1.1884000000000938,True
21,7.4,7.718799999999954,7.303199999999943,8.134399999999964,7.124599999999907,8.313,6.928599999999952,8.508999999999954,1.1884000000000938,True
22,5.7,5.460799999999999,5.045199999999988,5.87640000000001,4.866599999999952,6.055000000000046,4.670599999999998,6.251,1.1884000000000938,True
23,4.3,4.510199999999994,4.094599999999983,4.925800000000005,3.915999999999947,5.104400000000041,3.7199999999999926,5.300399999999995,1.1884000000000938,True
24,4.7,5.182400000000021,4.76680000000001,5.598000000000032,4.588199999999974,5.776600000000068,4.392200000000019,5.972600000000022,1.1884000000000938,True
25,6.7,6.475600000000008,6.059999999999997,6.891200000000019,5.881399999999961,7.069800000000055,5.685400000000007,7.265800000000009,1.1884000000000938,True
26,5.6,5.88199999999998,5.466399999999969,6.297599999999991,5.287799999999933,6.476200000000027,5.091799999999979,6.6721999999999815,1.1884000000000938,True
27,6.0,6.343999999999993,5.928399999999982,6.759600000000004,5.749799999999946,6.93820000000004,5.553799999999992,7.1341999999999945,1.1884000000000938,True
28,6.9,6.992599999999997,6.576999999999986,7.408200000000008,6.39839999999995,7.586800000000044,6.2023999999999955,7.782799999999998,1.1884000000000938,True
29,7.0,7.305399999999954,6.889799999999943,7.7209999999999654,6.7111999999999075,7.899600000000001,6.515199999999953,8.095599999999955,1.1884000000000938,True
30,7.9,7.836257142857173,7.420657142857162,8.251857142857183,7.242057142857126,8.43045714285722,7.046057142857172,8.626457142857173,1.1884000000000938,True
31,4.5,4.7634,4.347799999999989,5.179000000000011,4.169199999999953,5.357600000000047,3.9731999999999985,5.553600000000001,1.1884000000000938,True
32,7.7,7.722199999999956,7.306599999999945,8.137799999999967,7.1279999999999095,8.316400000000003,6.931999999999955,8.512399999999957,1.1884000000000938,True
33,4.8,4.885799999999998,4.470199999999987,5.301400000000009,4.291599999999951,5.480000000000045,4.095599999999997,5.675999999999999,1.1884000000000938,True
34,8.7,8.445799999999972,8.030199999999962,8.861399999999982,7.851599999999925,9.040000000000019,7.65559999999997,9.235999999999972,1.1884000000000938,True
35,4.3,4.591200000000004,4.175599999999993,5.006800000000015,3.9969999999999573,5.185400000000051,3.801000000000003,5.3814000000000055,1.1884000000000938,True
36,6.7,6.410199999999997,5.994599999999986,6.825800000000008,5.81599999999995,7.004400000000044,5.619999999999996,7.200399999999998,1.1884000000000938,True
37,8.0,7.925800000000016,7.510200000000005,8.341400000000027,7.331599999999969,8.520000000000064,7.135600000000014,8.716000000000017,1.1884000000000947,True
38,4.6,4.5245999999999995,4.108999999999988,4.940200000000011,3.9303999999999526,5.118800000000046,3.734399999999998,5.314800000000001,1.1884000000000938,True
39,7.1,7.846933333333313,7.431333333333302,8.262533333333323,7.252733333333266,8.44113333333336,7.0567333333333115,8.637133333333313,1.1884000000000938,False
40,7.1,6.999599999999999,6.583999999999988,7.41520000000001,6.405399999999952,7.593800000000046,6.209399999999998,7.7898000000000005,1.1884000000000938,True
41,6.7,7.033200000000012,6.617600000000001,7.448800000000023,6.438999999999965,7.627400000000059,6.243000000000011,7.823400000000014,1.1884000000000938,True
42,5.0,5.0954000000000015,4.67979999999999,5.5110000000000126,4.501199999999955,5.689600000000048,4.3052,5.885600000000003,1.1884000000000938,True
43,5.0,5.001599999999965,4.585999999999954,5.417199999999976,4.407399999999918,5.595800000000012,4.211399999999964,5.7917999999999665,1.1884000000000938,True
44,7.2,7.233199999999955,6.817599999999944,7.648799999999966,6.638999999999908,7.827400000000002,6.442999999999953,8.023399999999956,1.1884000000000938,True
45,6.0,6.06219999999999,5.646599999999979,6.477800000000001,5.467999999999943,6.656400000000037,5.271999999999989,6.852399999999991,1.1884000000000938,True
46,6.6,6.639199999999965,6.223599999999954,7.054799999999976,6.044999999999918,7.233400000000012,5.848999999999964,7.4293999999999665,1.1884000000000938,True
47,6.0,5.8070000000000155,5.391400000000004,6.2226000000000266,5.212799999999969,6.401200000000062,5.016800000000014,6.597200000000017,1.1884000000000938,True
48,4.9,5.021000000000002,4.605399999999991,5.436600000000013,4.426799999999955,5.615200000000049,4.2308,5.811200000000003,1.1884000000000938,True
49,6.0,5.784800000000023,5.369200000000012,6.200400000000034,5.190599999999976,6.37900000000007,4.9946000000000215,6.575000000000024,1.1884000000000938,True
50,8.6,8.63700000000004,8.221400000000028,9.052600000000051,8.042799999999993,9.231200000000086,7.846800000000038,9.427200000000042,1.1884000000000938,True
51,5.2,5.8714000000000155,5.455800000000004,6.287000000000027,5.277199999999969,6.465600000000062,5.081200000000014,6.661600000000017,1.1884000000000938,False
52,8.7,8.18600000000006,7.770400000000049,8.601600000000072,7.591800000000013,8.780200000000107,7.395800000000059,8.976200000000063,1.1884000000000938,True
53,7.0,6.446799999999983,6.031199999999972,6.862399999999994,5.852599999999936,7.04100000000003,5.656599999999981,7.236999999999984,1.1884000000000938,True
54,5.0,4.864399999999997,4.448799999999986,5.280000000000008,4.27019999999995,5.458600000000044,4.074199999999996,5.6545999999999985,1.1884000000000938,True
55,7.8,7.986000000000018,7.570400000000007,8.40160000000003,7.3917999999999715,8.580200000000065,7.195800000000017,8.77620000000002,1.1884000000000938,True
56,5.4,5.177199999999987,4.761599999999976,5.592799999999998,4.58299999999994,5.771400000000034,4.386999999999985,5.967399999999988,1.1884000000000938,True
57,6.1,6.194199999999995,5.778599999999984,6.609800000000006,5.599999999999948,6.788400000000042,5.403999999999994,6.984399999999996,1.1884000000000938,True
58,6.9,6.475933333333372,6.060333333333361,6.891533333333383,5.881733333333325,7.070133333333419,5.685733333333371,7.266133333333373,1.1884000000000938,True
59,6.3,6.649600000000007,6.2339999999999955,7.065200000000018,6.05539999999996,7.2438000000000535,5.859400000000005,7.439800000000008,1.1884000000000938,True
60,5.8,5.9832,5.567599999999989,6.398800000000011,5.388999999999953,6.577400000000047,5.192999999999999,6.773400000000001,1.1884000000000938,True
61,5.2,5.237999999999992,4.822399999999981,5.6536000000000035,4.6437999999999455,5.832200000000039,4.447799999999991,6.028199999999994,1.1884000000000938,True
62,8.2,7.5605999999999876,7.1449999999999765,7.976199999999999,6.966399999999941,8.154800000000034,6.770399999999986,8.350799999999989,1.188400000000093,False
63,7.5,8.067599999999977,7.651999999999966,8.48319999999999,7.4733999999999305,8.661800000000024,7.277399999999976,8.85779999999998,1.1884000000000938,True
64,4.5,4.673199999999982,4.257599999999971,5.088799999999993,4.078999999999935,5.267400000000029,3.8829999999999805,5.463399999999983,1.1884000000000938,True
65,7.7,7.869200000000043,7.453600000000032,8.284800000000054,7.274999999999996,8.463400000000089,7.0790000000000415,8.659400000000044,1.188400000000093,True
66,8.0,7.825999999999944,7.410399999999933,8.241599999999956,7.231799999999897,8.42019999999999,7.035799999999942,8.616199999999946,1.1884000000000938,True
67,7.8,7.870400000000015,7.454800000000004,8.286000000000026,7.276199999999968,8.464600000000061,7.080200000000014,8.660600000000017,1.188400000000093,True
68,4.9,4.921800000000005,4.5061999999999935,5.337400000000016,4.327599999999958,5.5160000000000515,4.131600000000003,5.712000000000006,1.1884000000000938,True
69,5.1,4.884400000000001,4.46879999999999,5.300000000000012,4.290199999999954,5.478600000000048,4.0942,5.6746000000000025,1.1884000000000938,True
70,5.1,5.004200000000017,4.588600000000006,5.419800000000028,4.40999999999997,5.598400000000064,4.2140000000000155,5.794400000000018,1.1884000000000938,True
71,6.0,5.824000000000003,5.408399999999992,6.2396000000000145,5.2297999999999565,6.41820000000005,5.033800000000002,6.614200000000005,1.1884000000000938,True
72,7.2,7.0827999999999625,6.667199999999951,7.4983999999999735,6.4885999999999155,7.677000000000009,6.292599999999961,7.872999999999964,1.1884000000000938,True
73,6.0,5.982799999999998,5.567199999999987,6.398400000000009,5.388599999999951,6.577000000000045,5.192599999999997,6.773,1.1884000000000938,True
74,6.6,6.548600000000031,6.1330000000000195,6.964200000000042,5.954399999999984,7.1428000000000775,5.758400000000029,7.338800000000032,1.1884000000000938,True
75,4.9,4.975800000000001,4.56019999999999,5.391400000000012,4.381599999999954,5.570000000000048,4.1856,5.766000000000003,1.1884000000000938,True
76,7.9,7.983000000000009,7.567399999999998,8.39860000000002,7.3887999999999625,8.577200000000056,7.192800000000008,8.77320000000001,1.1884000000000938,True
77,4.1,4.18399999999998,3.7683999999999687,4.599599999999991,3.589799999999933,4.778200000000027,3.3937999999999784,4.974199999999981,1.1884000000000938,True
78,8.1,7.9655999999999985,7.549999999999987,8.38120000000001,7.3713999999999515,8.559800000000045,7.175399999999997,8.7558,1.1884000000000938,True
79,4.7,4.725933333333308,4.310333333333297,5.141533333333319,4.131733333333261,5.320133333333355,3.9357333333333067,5.516133333333309,1.1884000000000938,True
80,8.0,7.693000000000004,7.277399999999993,8.108600000000015,7.098799999999957,8.287200000000052,6.902800000000003,8.483200000000005,1.1884000000000947,True
81,5.9,6.008999999999976,5.593399999999965,6.424599999999987,5.4147999999999294,6.603200000000023,5.218799999999975,6.799199999999978,1.1884000000000938,True
82,6.0,5.843799999999983,5.428199999999972,6.259399999999994,5.249599999999936,6.43800000000003,5.053599999999982,6.633999999999984,1.1884000000000938,True
83,4.1,5.68739999999998,5.271799999999969,6.102999999999991,5.093199999999933,6.281600000000027,4.8971999999999785,6.477599999999981,1.1884000000000938,False
84,6.0,6.452400000000011,6.0367999999999995,6.868000000000022,5.858199999999964,7.0466000000000575,5.662200000000009,7.242600000000012,1.1884000000000938,True
85,5.3,7.137799999999996,6.722199999999985,7.553400000000007,6.543599999999949,7.732000000000043,6.347599999999995,7.927999999999997,1.1884000000000938,False
86,3.9,4.500600000000007,4.0849999999999955,4.916200000000018,3.9063999999999597,5.0948000000000535,3.7104000000000052,5.290800000000008,1.1884000000000938,False
87,6.2,6.378400000000048,5.962800000000037,6.794000000000059,5.784200000000001,6.972600000000095,5.588200000000047,7.168600000000049,1.1884000000000938,True
88,4.0,4.26819999999999,3.8525999999999785,4.683800000000001,3.6739999999999426,4.8624000000000365,3.477999999999988,5.058399999999991,1.1884000000000938,True
89,4.8,4.8770000000000024,4.461399999999991,5.2926000000000135,4.2827999999999555,5.471200000000049,4.086800000000001,5.667200000000004,1.1884000000000938,True
90,5.3,5.285600000000014,4.870000000000003,5.701200000000025,4.691399999999967,5.879800000000061,4.4954000000000125,6.075800000000015,1.1884000000000938,True
91,8.2,8.064199999999968,7.6485999999999565,8.47979999999998,7.469999999999921,8.658400000000015,7.273999999999966,8.85439999999997,1.1884000000000938,True
92,4.8,4.9948000000000015,4.57919999999999,5.4104000000000125,4.4005999999999545,5.589000000000048,4.2046,5.785000000000003,1.1884000000000938,True
93,8.2,8.050399999999975,7.634799999999964,8.465999999999987,7.456199999999928,8.644600000000022,7.260199999999974,8.840599999999977,1.1884000000000938,True
94,4.9,5.026200000000007,4.610599999999996,5.441800000000018,4.43199999999996,5.620400000000054,4.236000000000006,5.816400000000009,1.1884000000000938,True
95,8.0,7.409400000000017,6.993800000000006,7.825000000000028,6.81519999999997,8.003600000000063,6.619200000000015,8.199600000000018,1.188400000000093,True
96,8.4,8.18819999999999,7.772599999999978,8.6038,7.593999999999943,8.782400000000036,7.397999999999988,8.97839999999999,1.1884000000000938,True
97,4.3,4.818200000000016,4.402600000000005,5.233800000000027,4.223999999999969,5.412400000000063,4.028000000000015,5.608400000000017,1.1884000000000938,True
98,6.0,5.934199999999997,5.518599999999986,6.349800000000008,5.33999999999995,6.528400000000044,5.143999999999996,6.724399999999998,1.1884000000000938,True
99,7.9,7.746999999999947,7.3313999999999355,8.162599999999959,7.1527999999999,8.341199999999994,6.956799999999945,8.537199999999949,1.1884000000000938,True
100,5.0,4.822800000000004,4.407199999999993,5.2384000000000155,4.2285999999999575,5.417000000000051,4.032600000000003,5.613000000000006,1.1884000000000938,True
101,6.8,6.934799999999998,6.519199999999987,7.350400000000009,6.340599999999951,7.529000000000045,6.144599999999997,7.725,1.1884000000000938,True
102,4.7,5.266800000000004,4.851199999999993,5.682400000000015,4.6725999999999575,5.861000000000051,4.476600000000003,6.057000000000006,1.1884000000000938,True
103,6.7,6.436000000000035,6.0204000000000235,6.851600000000046,5.841799999999988,7.0302000000000815,5.645800000000033,7.226200000000036,1.1884000000000938,True
104,6.3,6.462599999999989,6.0469999999999775,6.8782,5.868399999999942,7.0568000000000355,5.672399999999987,7.25279999999999,1.1884000000000938,True
105,6.7,6.811399999999987,6.3957999999999755,7.226999999999998,6.21719999999994,7.4056000000000335,6.021199999999985,7.601599999999988,1.1884000000000938,True
106,8.0,7.906600000000013,7.491000000000002,8.322200000000024,7.3123999999999665,8.50080000000006,7.116400000000012,8.696800000000014,1.1884000000000938,True
107,6.0,5.976000000000036,5.560400000000025,6.3916000000000475,5.3817999999999895,6.570200000000083,5.185800000000035,6.766200000000038,1.1884000000000938,True
108,8.0,7.9040000000000115,7.4884,8.319600000000023,7.3097999999999645,8.498200000000057,7.11380000000001,8.694200000000013,1.188400000000093,True
109,8.0,7.5963333333333765,7.180733333333365,8.011933333333388,7.0021333333333295,8.190533333333423,6.806133333333375,8.386533333333379,1.1884000000000938,True
110,9.1,7.727333333333344,7.311733333333333,8.142933333333355,7.133133333333297,8.321533333333392,6.9371333333333425,8.517533333333345,1.1884000000000947,False
111,5.0,5.1574,4.741799999999989,5.573000000000011,4.563199999999953,5.751600000000047,4.367199999999999,5.947600000000001,1.1884000000000938,True
112,7.0,6.84260000000003,6.427000000000019,7.258200000000041,6.248399999999983,7.436800000000077,6.052400000000029,7.632800000000032,1.1884000000000938,True
113,4.0,4.698799999999993,4.283199999999982,5.114400000000004,4.104599999999946,5.29300000000004,3.908599999999992,5.4889999999999946,1.1884000000000938,False
114,5.9,6.029400000000001,5.61379999999999,6.445000000000012,5.435199999999954,6.623600000000048,5.239199999999999,6.819600000000002,1.1884000000000938,True
115,5.3,5.459600000000001,5.04399999999999,5.875200000000012,4.865399999999954,6.053800000000048,4.6693999999999996,6.249800000000002,1.1884000000000938,True
116,7.7,7.836399999999994,7.420799999999983,8.252000000000006,7.242199999999947,8.430600000000041,7.046199999999993,8.626599999999996,1.1884000000000938,True
117,7.1,6.916000000000017,6.500400000000006,7.331600000000028,6.32179999999997,7.510200000000064,6.125800000000016,7.706200000000019,1.1884000000000938,True
118,5.7,6.073799999999992,5.658199999999981,6.489400000000003,5.479599999999945,6.668000000000039,5.283599999999991,6.863999999999994,1.1884000000000938,True
119,8.0,8.043200000000002,7.627599999999991,8.458800000000014,7.448999999999955,8.63740000000005,7.253000000000001,8.833400000000005,1.1884000000000938,True
120,5.0,5.424399999999999,5.0087999999999875,5.84000000000001,4.830199999999952,6.0186000000000455,4.634199999999997,6.2146,1.1884000000000938,True
121,4.5,4.663600000000001,4.24799999999999,5.079200000000012,4.069399999999954,5.2578000000000475,3.8733999999999993,5.453800000000002,1.1884000000000938,True
122,8.0,8.102800000000016,7.687200000000005,8.518400000000028,7.508599999999969,8.697000000000063,7.312600000000015,8.893000000000018,1.1884000000000938,True
123,4.3,4.599599999999994,4.183999999999983,5.015200000000005,4.0053999999999474,5.193800000000041,3.809399999999993,5.389799999999996,1.1884000000000938,True
124,5.4,5.778200000000026,5.362600000000015,6.193800000000037,5.183999999999979,6.372400000000073,4.988000000000024,6.568400000000027,1.1884000000000938,True
125,5.0,4.972800000000034,4.557200000000023,5.388400000000045,4.378599999999987,5.567000000000081,4.182600000000033,5.763000000000035,1.1884000000000938,True
126,4.4,4.925199999999997,4.509599999999986,5.340800000000008,4.33099999999995,5.519400000000044,4.134999999999995,5.715399999999998,1.1884000000000938,True
127,4.9,5.056,4.640399999999989,5.471600000000011,4.461799999999953,5.650200000000047,4.265799999999999,5.846200000000001,1.1884000000000938,True
128,4.6,5.171800000000001,4.75619999999999,5.587400000000012,4.577599999999954,5.766000000000048,4.3816,5.962000000000002,1.1884000000000938,True
129,6.0,6.027199999999989,5.611599999999978,6.4428,5.432999999999942,6.621400000000036,5.236999999999988,6.81739999999999,1.1884000000000938,True
130,8.3,7.995000000000031,7.57940000000002,8.410600000000041,7.400799999999984,8.589200000000078,7.20480000000003,8.785200000000032,1.1884000000000938,True
131,7.5,7.739599999999965,7.323999999999954,8.155199999999976,7.145399999999918,8.33380000000001,6.949399999999963,8.529799999999966,1.188400000000093,True
132,6.0,6.265200000000021,5.84960000000001,6.6808000000000325,5.6709999999999745,6.859400000000068,5.47500000000002,7.055400000000023,1.1884000000000938,True
133,6.0,5.764200000000045,5.348600000000034,6.179800000000056,5.169999999999998,6.358400000000092,4.974000000000044,6.554400000000046,1.1884000000000938,True
134,5.2,5.19880000000001,4.783199999999999,5.614400000000021,4.604599999999963,5.793000000000057,4.408600000000009,5.989000000000011,1.1884000000000938,True
135,7.0,6.720000000000037,6.304400000000026,7.135600000000048,6.12579999999999,7.314200000000084,5.929800000000036,7.510200000000038,1.1884000000000938,True
136,6.0,6.053600000000021,5.63800000000001,6.469200000000032,5.459399999999974,6.647800000000068,5.263400000000019,6.843800000000022,1.1884000000000938,True
137,6.0,5.966200000000033,5.5506000000000215,6.381800000000044,5.371999999999986,6.5604000000000795,5.176000000000031,6.756400000000034,1.1884000000000938,True
138,8.6,8.13699999999996,7.7213999999999485,8.55259999999997,7.542799999999913,8.731200000000007,7.346799999999958,8.92719999999996,1.1884000000000938,True
139,8.5,8.23880000000001,7.823199999999999,8.65440000000002,7.644599999999963,8.833000000000057,7.448600000000009,9.02900000000001,1.1884000000000938,True
140,5.0,4.974999999999992,4.559399999999981,5.390600000000003,4.380799999999945,5.569200000000039,4.18479999999999,5.765199999999993,1.1884000000000938,True
141,8.9,8.420599999999999,8.004999999999988,8.836200000000009,7.826399999999952,9.014800000000045,7.630399999999997,9.210799999999999,1.1884000000000938,True
142,5.9,5.879999999999997,5.464399999999986,6.295600000000008,5.28579999999995,6.474200000000044,5.089799999999996,6.670199999999999,1.1884000000000938,True
143,6.0,6.0846000000000116,5.6690000000000005,6.500200000000023,5.490399999999965,6.6788000000000585,5.29440000000001,6.874800000000013,1.1884000000000938,True
144,6.0,6.348999999999965,5.933399999999954,6.764599999999976,5.754799999999918,6.943200000000012,5.558799999999963,7.139199999999966,1.1884000000000938,True
145,8.0,7.7794000000000105,7.3637999999999995,8.195000000000022,7.185199999999964,8.373600000000057,6.989200000000009,8.569600000000012,1.188400000000093,True
146,8.4,8.362999999999984,7.9473999999999725,8.778599999999994,7.768799999999937,8.95720000000003,7.572799999999982,9.153199999999984,1.1884000000000938,True
147,6.1,5.982799999999999,5.567199999999988,6.39840000000001,5.388599999999952,6.577000000000046,5.192599999999998,6.773000000000001,1.1884000000000938,True
148,8.4,7.407200000000032,6.991600000000021,7.8228000000000435,6.8129999999999855,8.001400000000078,6.617000000000031,8.197400000000034,1.188400000000093,False
149,6.2,6.144200000000003,5.728599999999992,6.559800000000014,5.549999999999956,6.73840000000005,5.354000000000002,6.934400000000005,1.1884000000000938,True
150,5.2,5.388900000000016,4.9733000000000045,5.804500000000027,4.794699999999969,5.9831000000000625,4.598700000000014,6.179100000000017,1.1884000000000938,True
151,5.0,4.7795999999999985,4.3639999999999874,5.19520000000001,4.185399999999952,5.373800000000045,3.989399999999997,5.5698,1.1884000000000938,True
152,7.1,7.428400000000033,7.012800000000022,7.844000000000044,6.834199999999986,8.022600000000079,6.638200000000031,8.218600000000034,1.188400000000093,True
153,5.6,5.249799999999991,4.83419999999998,5.665400000000002,4.655599999999944,5.844000000000038,4.459599999999989,6.039999999999992,1.1884000000000938,True
154,7.3,7.012200000000037,6.596600000000026,7.427800000000048,6.41799999999999,7.606400000000084,6.222000000000036,7.802400000000039,1.1884000000000938,True
155,7.0,7.106799999999997,6.691199999999986,7.522400000000008,6.51259999999995,7.701000000000044,6.316599999999996,7.8969999999999985,1.1884000000000938,True
156,5.0,5.1326000000000045,4.716999999999993,5.548200000000016,4.538399999999958,5.726800000000051,4.342400000000003,5.922800000000006,1.1884000000000938,True
157,6.7,6.681999999999988,6.266399999999977,7.097599999999999,6.087799999999941,7.276200000000035,5.891799999999987,7.472199999999989,1.1884000000000938,True
158,6.5,6.804400000000036,6.388800000000025,7.220000000000047,6.210199999999989,7.398600000000083,6.014200000000034,7.594600000000037,1.1884000000000938,True
159,5.1,4.904000000000043,4.488400000000032,5.3196000000000545,4.3097999999999965,5.49820000000009,4.113800000000042,5.694200000000045,1.1884000000000938,True
160,6.7,6.45120000000003,6.035600000000019,6.866800000000041,5.856999999999983,7.045400000000077,5.661000000000029,7.241400000000032,1.1884000000000938,True
161,5.5,5.191800000000004,4.776199999999993,5.607400000000015,4.597599999999957,5.786000000000051,4.401600000000003,5.9820000000000055,1.1884000000000938,True
162,9.2,8.463200000000006,8.047599999999996,8.878800000000016,7.868999999999959,9.057400000000053,7.6730000000000045,9.253400000000006,1.1884000000000938,False
163,7.1,6.2084000000000135,5.792800000000002,6.6240000000000245,5.6141999999999666,6.80260000000006,5.418200000000012,6.998600000000015,1.1884000000000938,False
164,4.0,4.711399999999998,4.2957999999999865,5.127000000000009,4.117199999999951,5.3056000000000445,3.9211999999999962,5.501599999999999,1.1884000000000938,False
165,5.1,5.035199999999989,4.619599999999978,5.4508,4.440999999999942,5.629400000000036,4.244999999999988,5.82539999999999,1.1884000000000938,True
166,6.0,5.706200000000002,5.290599999999991,6.121800000000013,5.111999999999955,6.300400000000049,4.916,6.496400000000003,1.1884000000000938,True
167,7.1,6.382000000000032,5.966400000000021,6.797600000000043,5.787799999999985,6.976200000000079,5.59180000000003,7.172200000000033,1.1884000000000938,False
168,7.1,6.868999999999997,6.453399999999986,7.284600000000008,6.27479999999995,7.463200000000044,6.078799999999996,7.6591999999999985,1.1884000000000938,True
169,5.6,5.65060000000003,5.235000000000019,6.066200000000041,5.056399999999983,6.244800000000077,4.860400000000029,6.440800000000031,1.1884000000000938,True
170,7.0,7.104799999999993,6.689199999999982,7.520400000000004,6.510599999999946,7.69900000000004,6.3145999999999916,7.894999999999994,1.1884000000000938,True
171,4.4,4.761800000000001,4.34619999999999,5.177400000000012,4.167599999999954,5.356000000000048,3.9715999999999996,5.552000000000002,1.1884000000000938,True
172,6.2,5.5790000000000015,5.16339999999999,5.994600000000013,4.984799999999955,6.173200000000048,4.7888,6.369200000000003,1.1884000000000938,False
173,5.6,6.000999999999998,5.585399999999987,6.416600000000009,5.406799999999951,6.595200000000045,5.210799999999996,6.791199999999999,1.1884000000000938,True
174,8.5,8.401799999999968,7.986199999999957,8.817399999999978,7.807599999999921,8.996000000000015,7.611599999999966,9.191999999999968,1.1884000000000938,True
175,6.3,6.678800000000039,6.263200000000028,7.09440000000005,6.084599999999992,7.273000000000086,5.888600000000038,7.46900000000004,1.1884000000000938,True
176,8.3,8.101800000000052,7.686200000000041,8.517400000000062,7.507600000000005,8.6960000000001,7.311600000000051,8.892000000000053,1.1884000000000938,True
177,7.9,7.863800000000004,7.448199999999993,8.279400000000015,7.269599999999957,8.458000000000052,7.0736000000000026,8.654000000000005,1.1884000000000947,True
178,6.0,6.2132000000000005,5.797599999999989,6.628800000000012,5.618999999999954,6.807400000000047,5.422999999999999,7.003400000000002,1.1884000000000938,True
179,5.8,6.085399999999991,5.66979999999998,6.501000000000002,5.491199999999944,6.679600000000038,5.29519999999999,6.875599999999992,1.1884000000000938,True
180,9.1,8.806000000000001,8.390399999999989,9.221600000000013,8.211799999999954,9.400200000000048,8.015799999999999,9.596200000000003,1.1884000000000938,True
181,5.3,4.939799999999976,4.524199999999965,5.355399999999987,4.345599999999929,5.534000000000023,4.149599999999975,5.729999999999977,1.1884000000000938,True
182,6.8,6.439600000000026,6.024000000000015,6.855200000000037,5.845399999999979,7.033800000000073,5.649400000000025,7.2298000000000275,1.1884000000000938,True
183,5.2,4.916600000000004,4.500999999999993,5.332200000000015,4.322399999999957,5.510800000000051,4.126400000000003,5.706800000000006,1.1884000000000938,True
184,4.7,4.74000000000001,4.324399999999999,5.155600000000021,4.145799999999963,5.334200000000057,3.9498000000000086,5.530200000000011,1.1884000000000938,True
185,7.9,8.05840000000001,7.6427999999999985,8.474000000000022,7.464199999999963,8.652600000000056,7.268200000000008,8.848600000000012,1.1884000000000938,True
186,5.3,4.868599999999998,4.452999999999987,5.284200000000009,4.274399999999951,5.462800000000045,4.078399999999997,5.658799999999999,1.1884000000000938,True
187,5.0,4.938399999999997,4.522799999999986,5.354000000000008,4.34419999999995,5.532600000000044,4.148199999999996,5.728599999999998,1.1884000000000938,True
188,6.0,5.993199999999998,5.577599999999987,6.408800000000009,5.398999999999951,6.587400000000045,5.202999999999997,6.783399999999999,1.1884000000000938,True
189,6.3,6.451200000000013,6.035600000000002,6.866800000000024,5.8569999999999665,7.04540000000006,5.661000000000012,7.241400000000015,1.1884000000000938,True
190,4.9,5.032200000000022,4.616600000000011,5.447800000000033,4.437999999999975,5.626400000000069,4.24200000000002,5.822400000000023,1.1884000000000938,True
191,6.9,6.825800000000014,6.410200000000003,7.241400000000025,6.231599999999967,7.420000000000061,6.035600000000013,7.616000000000016,1.1884000000000938,True
192,5.9,6.040400000000007,5.624799999999996,6.456000000000018,5.44619999999996,6.634600000000054,5.250200000000006,6.830600000000008,1.1884000000000938,True
193,5.0,5.531799999999989,5.116199999999978,5.9474,4.937599999999942,6.126000000000036,4.741599999999988,6.32199999999999,1.1884000000000938,True
194,7.6,8.0022,7.586599999999989,8.41780000000001,7.407999999999953,8.596400000000047,7.211999999999999,8.7924,1.1884000000000938,True
195,5.0,5.056399999999981,4.64079999999997,5.471999999999992,4.462199999999934,5.650600000000028,4.26619999999998,5.846599999999983,1.1884000000000938,True
196,5.1,4.885200000000004,4.469599999999993,5.300800000000015,4.290999999999957,5.479400000000051,4.095000000000002,5.675400000000005,1.1884000000000938,True
197,8.1,7.958800000000006,7.543199999999995,8.374400000000017,7.364599999999959,8.553000000000054,7.168600000000005,8.749000000000008,1.1884000000000947,True
198,4.6,4.846599999999972,4.430999999999961,5.262199999999983,4.252399999999925,5.440800000000019,4.056399999999971,5.636799999999973,1.1884000000000938,True
199,7.3,6.939200000000013,6.523600000000002,7.354800000000024,6.344999999999966,7.53340000000006,6.149000000000012,7.729400000000014,1.1884000000000938,True
200,5.0,4.914599999999991,4.49899999999998,5.330200000000002,4.320399999999944,5.508800000000038,4.12439999999999,5.7047999999999925,1.1884000000000938,True
201,5.2,4.970400000000034,4.554800000000023,5.386000000000045,4.376199999999987,5.564600000000081,4.180200000000033,5.760600000000036,1.1884000000000938,True
202,6.1,6.019199999999994,5.603599999999983,6.434800000000005,5.424999999999947,6.613400000000041,5.228999999999993,6.809399999999996,1.1884000000000938,True
203,6.8,6.580599999999962,6.164999999999951,6.996199999999973,5.986399999999915,7.174800000000009,5.790399999999961,7.370799999999964,1.1884000000000938,True
204,6.2,5.6633999999999975,5.2477999999999865,6.079000000000009,5.069199999999951,6.2576000000000445,4.873199999999996,6.453599999999999,1.1884000000000938,True
205,6.0,6.082799999999999,5.667199999999988,6.49840000000001,5.488599999999952,6.677000000000046,5.2925999999999975,6.873,1.1884000000000938,True
206,7.1,7.129999999999973,6.714399999999962,7.545599999999984,6.535799999999926,7.72420000000002,6.339799999999972,7.920199999999975,1.1884000000000938,True
207,7.2,7.015800000000008,6.6001999999999965,7.431400000000019,6.421599999999961,7.6100000000000545,6.225600000000006,7.806000000000009,1.1884000000000938,True
208,7.2,6.685000000000034,6.269400000000023,7.100600000000045,6.090799999999987,7.279200000000081,5.894800000000033,7.475200000000036,1.1884000000000938,True
209,5.3,5.193400000000006,4.777799999999995,5.609000000000017,4.599199999999959,5.787600000000053,4.403200000000004,5.983600000000007,1.1884000000000938,True
210,4.0,4.912999999999999,4.497399999999988,5.32860000000001,4.3187999999999525,5.507200000000046,4.122799999999998,5.703200000000001,1.1884000000000938,False
211,7.5,7.274999999999946,6.859399999999935,7.690599999999957,6.680799999999899,7.869199999999993,6.484799999999945,8.065199999999948,1.1884000000000938,True
212,5.0,4.718399999999969,4.302799999999958,5.13399999999998,4.124199999999922,5.312600000000016,3.9281999999999675,5.50859999999997,1.1884000000000938,True
213,5.3,5.1076,4.691999999999989,5.523200000000011,4.513399999999953,5.701800000000047,4.317399999999998,5.897800000000001,1.1884000000000938,True
214,6.9,7.238599999999987,6.8229999999999755,7.654199999999998,6.64439999999994,7.8328000000000335,6.448399999999985,8.028799999999988,1.1884000000000938,True
215,5.9,5.936599999999999,5.520999999999988,6.3522000000000105,5.3423999999999525,6.530800000000046,5.146399999999998,6.726800000000001,1.1884000000000938,True
216,5.7,5.358199999999988,4.942599999999977,5.773799999999999,4.763999999999941,5.9524000000000346,4.567999999999986,6.148399999999989,1.1884000000000938,True
217,7.1,6.973400000000006,6.557799999999995,7.389000000000017,6.379199999999959,7.567600000000053,6.183200000000005,7.763600000000007,1.1884000000000938,True
218,4.1,4.216999999999998,3.801399999999987,4.632600000000009,3.622799999999951,4.811200000000045,3.4267999999999965,5.007199999999999,1.1884000000000938,True
219,5.3,5.028999999999991,4.61339999999998,5.444600000000002,4.434799999999944,5.623200000000038,4.23879999999999,5.819199999999992,1.1884000000000938,True
220,8.1,7.978299999999972,7.562699999999961,8.393899999999984,7.3840999999999255,8.57250000000002,7.188099999999971,8.768499999999975,1.1884000000000938,True
221,4.9,5.027400000000002,4.611799999999991,5.443000000000013,4.433199999999955,5.621600000000049,4.2372000000000005,5.817600000000003,1.1884000000000938,True
222,7.7,7.338599999999953,6.922999999999942,7.7541999999999645,6.7443999999999065,7.9328,6.548399999999952,8.128799999999956,1.1884000000000938,True
223,4.2,5.049400000000002,4.633799999999991,5.465000000000013,4.455199999999955,5.643600000000049,4.259200000000001,5.8396000000000035,1.1884000000000938,False
224,4.1,4.161200000000025,3.745600000000014,4.576800000000036,3.566999999999978,4.755400000000072,3.3710000000000235,4.951400000000026,1.1884000000000938,True
225,7.7,8.225933333333364,7.810333333333353,8.641533333333374,7.631733333333317,8.82013333333341,7.435733333333363,9.016133333333364,1.1884000000000938,True
226,6.7,6.782000000000032,6.366400000000021,7.197600000000043,6.187799999999985,7.376200000000079,5.991800000000031,7.572200000000033,1.1884000000000938,True
227,5.2,5.037199999999997,4.621599999999986,5.452800000000008,4.44299999999995,5.631400000000044,4.2469999999999954,5.827399999999998,1.1884000000000938,True
228,6.4,6.121600000000033,5.706000000000022,6.537200000000044,5.527399999999986,6.71580000000008,5.3314000000000314,6.911800000000034,1.1884000000000938,True
229,7.0,7.590999999999992,7.175399999999981,8.006600000000002,6.996799999999945,8.185200000000039,6.800799999999991,8.381199999999993,1.1884000000000938,True
230,8.9,8.913199999999971,8.49759999999996,9.328799999999983,8.318999999999924,9.507400000000018,8.12299999999997,9.703399999999974,1.1884000000000938,True
231,6.0,6.267999999999975,5.852399999999964,6.683599999999986,5.673799999999928,6.862200000000022,5.477799999999974,7.058199999999976,1.1884000000000938,True
232,8.3,8.177599999999996,7.761999999999985,8.593200000000007,7.5833999999999495,8.771800000000043,7.387399999999995,8.967799999999997,1.1884000000000938,True
233,8.2,8.363600000000055,7.948000000000044,8.779200000000067,7.769400000000008,8.957800000000102,7.573400000000054,9.153800000000057,1.1884000000000938,True
234,4.9,4.868800000000006,4.4531999999999945,5.284400000000017,4.274599999999959,5.4630000000000525,4.078600000000004,5.659000000000007,1.1884000000000938,True
235,5.8,6.114600000000012,5.699000000000001,6.530200000000023,5.520399999999965,6.708800000000059,5.3244000000000105,6.904800000000013,1.1884000000000938,True
236,7.9,7.862200000000004,7.446599999999993,8.277800000000015,7.267999999999957,8.456400000000052,7.072000000000003,8.652400000000005,1.1884000000000947,True
237,8.0,7.7187333333333585,7.3031333333333475,8.13433333333337,7.124533333333312,8.312933333333405,6.928533333333357,8.50893333333336,1.188400000000093,True
238,8.4,8.09059999999998,7.67499999999997,8.506199999999993,7.496399999999934,8.684800000000028,7.300399999999979,8.880799999999983,1.1884000000000938,True
239,5.2,4.9475999999999996,4.5319999999999885,5.363200000000011,4.353399999999953,5.5418000000000465,4.157399999999998,5.737800000000001,1.1884000000000938,True
240,9.0,7.434800000000003,7.019199999999992,7.850400000000014,6.840599999999956,8.02900000000005,6.644600000000001,8.225000000000005,1.1884000000000938,False
241,5.0,5.529600000000001,5.11399999999999,5.945200000000012,4.935399999999954,6.123800000000048,4.7394,6.3198000000000025,1.1884000000000938,True
242,5.0,5.042,4.626399999999989,5.457600000000011,4.447799999999953,5.636200000000047,4.2517999999999985,5.832200000000001,1.1884000000000938,True
243,6.0,5.950200000000017,5.5346000000000055,6.365800000000028,5.35599999999997,6.5444000000000635,5.160000000000015,6.740400000000018,1.1884000000000938,True
244,7.5,7.28440000000003,6.868800000000019,7.700000000000041,6.690199999999983,7.878600000000077,6.494200000000029,8.074600000000032,1.1884000000000938,True
245,5.0,5.1119999999999965,4.6963999999999855,5.527600000000008,4.51779999999995,5.7062000000000435,4.321799999999995,5.902199999999998,1.1884000000000938,True
246,6.0,6.359600000000006,5.943999999999995,6.775200000000017,5.765399999999959,6.953800000000053,5.569400000000004,7.149800000000007,1.1884000000000938,True
247,6.9,6.53579999999996,6.120199999999949,6.951399999999971,5.941599999999913,7.130000000000007,5.745599999999959,7.325999999999961,1.1884000000000938,True
248,8.2,8.248400000000062,7.832800000000051,8.664000000000073,7.654200000000015,8.84260000000011,7.458200000000061,9.038600000000063,1.1884000000000938,True
249,5.7,4.373999999999991,3.9583999999999797,4.789600000000002,3.779799999999944,4.968200000000038,3.5837999999999894,5.164199999999992,1.1884000000000938,False
250,7.0,7.168799999999975,6.753199999999964,7.584399999999986,6.574599999999928,7.763000000000022,6.378599999999974,7.9589999999999765,1.1884000000000938,True
251,8.6,7.382200000000013,6.966600000000002,7.7978000000000245,6.7879999999999665,7.97640000000006,6.592000000000012,8.172400000000014,1.1884000000000938,False
252,4.0,4.114799999999988,3.699199999999977,4.530399999999999,3.5205999999999413,4.709000000000035,3.324599999999987,4.90499999999999,1.1884000000000938,True
253,5.1,5.118999999999997,4.703399999999986,5.534600000000008,4.52479999999995,5.713200000000044,4.328799999999996,5.9091999999999985,1.1884000000000938,True
254,7.9,7.945657142857143,7.530057142857132,8.361257142857154,7.351457142857096,8.53985714285719,7.155457142857141,8.735857142857144,1.1884000000000947,True
255,6.8,6.609999999999994,6.194399999999983,7.025600000000005,6.015799999999947,7.204200000000041,5.819799999999993,7.4001999999999954,1.1884000000000938,True
256,6.2,5.944200000000008,5.528599999999997,6.359800000000019,5.3499999999999615,6.538400000000055,5.154000000000007,6.73440000000001,1.1884000000000938,True
257,8.8,7.4612,7.045599999999989,7.876800000000011,6.866999999999953,8.055400000000047,6.6709999999999985,8.2514,1.1884000000000938,False
258,8.9,8.014599999999975,7.598999999999964,8.430199999999985,7.420399999999928,8.608800000000022,7.2243999999999735,8.804799999999975,1.1884000000000938,False
259,7.2,7.35180000000006,6.936200000000049,7.767400000000071,6.757600000000013,7.946000000000107,6.561600000000059,8.142000000000062,1.1884000000000938,True
260,4.8,5.112199999999992,4.696599999999981,5.527800000000003,4.517999999999945,5.7064000000000386,4.32199999999999,5.902399999999993,1.1884000000000938,True
261,6.0,6.504199999999992,6.088599999999981,6.919800000000003,5.909999999999945,7.098400000000039,5.713999999999991,7.294399999999993,1.1884000000000938,True
262,4.7,4.702799999999978,4.287199999999967,5.118399999999989,4.108599999999931,5.297000000000025,3.9125999999999763,5.492999999999979,1.1884000000000938,True
263,5.5,4.70733333333332,4.291733333333309,5.122933333333331,4.113133333333273,5.301533333333367,3.917133333333319,5.497533333333322,1.1884000000000938,False
264,4.6,4.60440000000001,4.188799999999999,5.020000000000021,4.010199999999963,5.198600000000057,3.8142000000000085,5.394600000000011,1.1884000000000938,True
265,5.4,4.9654,4.549799999999989,5.381000000000011,4.371199999999953,5.559600000000047,4.1751999999999985,5.755600000000001,1.1884000000000938,True
266,6.8,6.629199999999963,6.213599999999952,7.044799999999974,6.034999999999916,7.22340000000001,5.838999999999961,7.419399999999964,1.1884000000000938,True
267,8.0,8.017600000000002,7.6019999999999905,8.433200000000014,7.423399999999955,8.611800000000049,7.2274,8.807800000000004,1.1884000000000938,True
268,6.9,6.6754000000000255,6.2598000000000145,7.091000000000037,6.081199999999979,7.2696000000000724,5.885200000000024,7.465600000000027,1.1884000000000938,True
269,8.5,8.151399999999994,7.7357999999999825,8.567000000000004,7.557199999999947,8.74560000000004,7.361199999999992,8.941599999999994,1.1884000000000938,True
270,4.5,4.392600000000015,3.977000000000004,4.808200000000026,3.798399999999968,4.986800000000062,3.6024000000000136,5.182800000000016,1.1884000000000938,True
271,5.4,5.617399999999987,5.2017999999999756,6.032999999999998,5.02319999999994,6.2116000000000335,4.827199999999985,6.407599999999988,1.1884000000000938,True
272,6.0,5.860399999999985,5.444799999999974,6.275999999999996,5.266199999999938,6.454600000000032,5.070199999999984,6.6505999999999865,1.1884000000000938,True
273,4.3,4.204399999999981,3.78879999999997,4.619999999999992,3.610199999999934,4.798600000000028,3.4141999999999797,4.994599999999982,1.1884000000000938,True
274,5.6,5.519799999999977,5.104199999999966,5.935399999999988,4.92559999999993,6.114000000000024,4.729599999999976,6.309999999999978,1.1884000000000938,True
275,6.0,5.819600000000021,5.40400000000001,6.235200000000032,5.225399999999974,6.413800000000068,5.029400000000019,6.609800000000022,1.1884000000000938,True
276,5.0,4.8311999999999955,4.415599999999984,5.246800000000007,4.236999999999949,5.425400000000042,4.040999999999994,5.621399999999997,1.1884000000000938,True
277,4.8,4.927200000000039,4.511600000000028,5.34280000000005,4.332999999999992,5.521400000000086,4.137000000000038,5.7174000000000404,1.1884000000000938,True
278,4.1,4.193400000000024,3.7778000000000134,4.6090000000000355,3.5991999999999775,4.787600000000071,3.403200000000023,4.983600000000026,1.1884000000000938,True
279,7.6,7.531399999999948,7.115799999999937,7.946999999999959,6.937199999999901,8.125599999999995,6.741199999999947,8.32159999999995,1.1884000000000938,True
280,8.0,7.792933333333304,7.377333333333293,8.208533333333314,7.198733333333257,8.38713333333335,7.002733333333302,8.583133333333304,1.1884000000000938,True
281,8.0,8.066333333333331,7.65073333333332,8.481933333333341,7.472133333333284,8.660533333333378,7.27613333333333,8.856533333333331,1.1884000000000938,True
282,8.0,7.952600000000021,7.53700000000001,8.368200000000032,7.358399999999974,8.546800000000069,7.162400000000019,8.742800000000022,1.1884000000000947,True
283,6.3,6.065599999999997,5.649999999999986,6.481200000000008,5.47139999999995,6.659800000000044,5.275399999999996,6.855799999999999,1.1884000000000938,True
284,7.4,7.358000000000044,6.942400000000033,7.773600000000055,6.763799999999997,7.952200000000091,6.567800000000043,8.148200000000045,1.1884000000000938,True
285,5.0,4.829999999999986,4.414399999999975,5.245599999999997,4.235799999999939,5.424200000000033,4.0397999999999845,5.620199999999987,1.1884000000000938,True
286,5.1,4.376399999999994,3.960799999999983,4.792000000000005,3.782199999999947,4.970600000000041,3.5861999999999927,5.166599999999995,1.1884000000000938,False
287,6.0,5.8298000000000405,5.414200000000029,6.245400000000052,5.235599999999994,6.424000000000087,5.039600000000039,6.620000000000042,1.1884000000000938,True
288,6.0,5.937999999999993,5.5223999999999815,6.353600000000004,5.343799999999946,6.5322000000000395,5.147799999999991,6.728199999999994,1.1884000000000938,True
289,5.7,6.019599999999993,5.603999999999982,6.4352000000000045,5.4253999999999465,6.61380000000004,5.229399999999992,6.809799999999995,1.1884000000000938,True
290,5.9,4.8404000000000025,4.424799999999991,5.2560000000000136,4.246199999999956,5.434600000000049,4.050200000000001,5.630600000000004,1.1884000000000938,False
291,5.9,6.121199999999996,5.705599999999985,6.5368000000000075,5.5269999999999495,6.715400000000043,5.330999999999995,6.911399999999998,1.1884000000000938,True
292,6.9,6.506200000000028,6.090600000000017,6.921800000000039,5.911999999999981,7.100400000000075,5.716000000000027,7.2964000000000295,1.1884000000000938,True
293,4.7,4.45599999999999,4.040399999999979,4.871600000000001,3.861799999999943,5.050200000000037,3.6657999999999884,5.246199999999991,1.1884000000000938,True
294,5.6,5.239999999999993,4.824399999999982,5.655600000000004,4.645799999999946,5.83420000000004,4.449799999999992,6.0301999999999945,1.1884000000000938,True
295,7.5,7.513400000000004,7.097799999999993,7.929000000000015,6.919199999999957,8.107600000000051,6.723200000000003,8.303600000000007,1.1884000000000938,True
296,8.5,7.673000000000004,7.2573999999999925,8.088600000000014,7.078799999999957,8.26720000000005,6.882800000000002,8.463200000000004,1.1884000000000938,False
297,4.9,5.063400000000003,4.647799999999992,5.479000000000014,4.469199999999956,5.65760000000005,4.273200000000002,5.853600000000005,1.1884000000000938,True
298,9.1,8.710000000000006,8.294399999999996,9.125600000000016,8.11579999999996,9.304200000000053,7.919800000000005,9.500200000000007,1.1884000000000938,True
299,7.0,6.097800000000009,5.682199999999998,6.51340000000002,5.503599999999962,6.692000000000056,5.307600000000008,6.888000000000011,1.1884000000000938,False
300,5.3,5.307800000000003,4.892199999999992,5.723400000000014,4.713599999999956,5.90200000000005,4.517600000000002,6.098000000000004,1.1884000000000938,True
301,6.4,6.280400000000038,5.864800000000027,6.6960000000000495,5.6861999999999915,6.874600000000085,5.490200000000037,7.07060000000004,1.1884000000000938,True
302,4.6,4.852800000000033,4.437200000000022,5.268400000000044,4.258599999999986,5.44700000000008,4.062600000000032,5.643000000000034,1.1884000000000938,True
303,5.0,5.205533333333334,4.789933333333323,5.621133333333345,4.611333333333287,5.799733333333381,4.415333333333333,5.995733333333336,1.1884000000000938,True
304,5.9,4.848800000000005,4.433199999999994,5.264400000000016,4.254599999999958,5.443000000000052,4.058600000000004,5.6390000000000065,1.1884000000000938,False
305,6.0,6.030799999999997,5.6151999999999855,6.446400000000008,5.43659999999995,6.6250000000000435,5.240599999999995,6.820999999999998,1.1884000000000938,True
306,7.0,7.260400000000034,6.844800000000023,7.6760000000000455,6.6661999999999875,7.854600000000081,6.470200000000033,8.050600000000035,1.1884000000000938,True
307,7.3,6.96160000000001,6.5459999999999985,7.377200000000021,6.367399999999963,7.5558000000000565,6.171400000000008,7.751800000000011,1.1884000000000938,True
308,8.3,7.82260000000002,7.407000000000009,8.238200000000031,7.228399999999973,8.416800000000066,7.032400000000019,8.612800000000021,1.188400000000093,True
309,6.7,6.669399999999958,6.253799999999947,7.084999999999969,6.075199999999911,7.263600000000005,5.8791999999999565,7.459599999999959,1.1884000000000938,True
310,8.1,7.969933333333374,7.554333333333363,8.385533333333385,7.3757333333333275,8.564133333333421,7.179733333333373,8.760133333333375,1.1884000000000938,True
311,6.5,6.362599999999993,5.946999999999982,6.778200000000004,5.7683999999999465,6.95680000000004,5.572399999999992,7.152799999999995,1.1884000000000938,True
312,5.9,5.909799999999991,5.49419999999998,6.325400000000002,5.315599999999944,6.504000000000038,5.1195999999999895,6.699999999999992,1.1884000000000938,True
313,7.8,6.383299999999986,5.967699999999975,6.798899999999997,5.789099999999939,6.977500000000033,5.593099999999985,7.173499999999987,1.1884000000000938,False
314,6.5,6.389400000000002,5.973799999999991,6.805000000000013,5.795199999999955,6.983600000000049,5.599200000000001,7.179600000000003,1.1884000000000938,True
315,4.9,5.063600000000002,4.647999999999991,5.479200000000013,4.469399999999955,5.657800000000049,4.2734000000000005,5.853800000000003,1.1884000000000938,True
316,5.9,6.098400000000004,5.682799999999993,6.514000000000015,5.504199999999957,6.692600000000051,5.308200000000003,6.888600000000006,1.1884000000000938,True
317,4.7,4.979,4.563399999999989,5.394600000000011,4.384799999999953,5.573200000000047,4.188799999999999,5.769200000000001,1.1884000000000938,True
318,4.3,4.979399999999994,4.563799999999983,5.395000000000005,4.385199999999947,5.573600000000041,4.1891999999999925,5.769599999999995,1.1884000000000938,False
319,5.2,4.935999999999997,4.520399999999986,5.351600000000008,4.34179999999995,5.530200000000044,4.145799999999996,5.726199999999999,1.1884000000000938,True
320,5.0,4.940200000000005,4.524599999999994,5.355800000000016,4.345999999999958,5.534400000000052,4.150000000000004,5.730400000000007,1.1884000000000938,True
321,8.1,7.891600000000017,7.476000000000006,8.307200000000028,7.29739999999997,8.485800000000065,7.101400000000016,8.681800000000019,1.1884000000000947,True
322,6.0,5.949466666666633,5.533866666666622,6.365066666666644,5.355266666666586,6.54366666666668,5.159266666666632,6.7396666666666345,1.1884000000000938,True
323,4.7,4.9607999999999866,4.5451999999999755,5.376399999999998,4.36659999999994,5.5550000000000335,4.170599999999985,5.750999999999988,1.1884000000000938,True
324,4.9,4.811400000000002,4.395799999999991,5.227000000000013,4.217199999999955,5.405600000000049,4.0212,5.601600000000003,1.1884000000000938,True
325,7.0,7.044399999999982,6.628799999999971,7.459999999999993,6.450199999999935,7.638600000000029,6.25419999999998,7.834599999999983,1.1884000000000938,True
326,6.0,5.743400000000007,5.327799999999996,6.1590000000000185,5.1491999999999605,6.337600000000054,4.953200000000006,6.533600000000009,1.1884000000000938,True
327,7.4,7.436799999999969,7.021199999999958,7.85239999999998,6.842599999999922,8.031000000000017,6.646599999999967,8.22699999999997,1.1884000000000947,True
328,8.5,8.406800000000047,7.991200000000036,8.822400000000059,7.8126,9.001000000000094,7.616600000000045,9.197000000000049,1.1884000000000938,True
329,8.7,8.594399999999936,8.178799999999924,9.009999999999948,8.00019999999989,9.188599999999983,7.804199999999935,9.384599999999939,1.1884000000000938,True
330,8.5,8.121599999999965,7.705999999999954,8.537199999999977,7.527399999999918,8.715800000000012,7.331399999999964,8.911799999999968,1.1884000000000938,True
331,5.0,5.086199999999966,4.670599999999955,5.501799999999977,4.491999999999919,5.680400000000013,4.295999999999965,5.876399999999967,1.1884000000000938,True
332,7.2,6.994200000000014,6.578600000000003,7.4098000000000255,6.3999999999999675,7.588400000000061,6.204000000000013,7.784400000000016,1.1884000000000938,True
333,5.4,5.44859999999999,5.032999999999979,5.864200000000001,4.854399999999943,6.042800000000037,4.658399999999989,6.2387999999999915,1.1884000000000938,True
334,6.0,5.800000000000031,5.38440000000002,6.215600000000042,5.205799999999984,6.394200000000078,5.00980000000003,6.590200000000032,1.1884000000000938,True
335,7.6,7.766600000000047,7.3510000000000355,8.182200000000059,7.1724,8.360800000000093,6.976400000000045,8.556800000000049,1.1884000000000938,True
336,4.2,4.237533333333315,3.8219333333333037,4.653133333333326,3.643333333333268,4.831733333333362,3.4473333333333134,5.027733333333316,1.1884000000000938,True
337,5.6,5.369999999999975,4.954399999999964,5.785599999999986,4.775799999999928,5.964200000000022,4.579799999999974,6.160199999999977,1.1884000000000938,True
338,5.0,4.921799999999994,4.506199999999983,5.337400000000005,4.327599999999947,5.516000000000041,4.131599999999993,5.711999999999995,1.1884000000000938,True
339,4.2,4.532799999999994,4.117199999999983,4.948400000000005,3.938599999999947,5.127000000000041,3.7425999999999924,5.322999999999995,1.1884000000000938,True
340,8.4,8.346800000000044,7.931200000000033,8.762400000000056,7.7525999999999975,8.941000000000091,7.556600000000043,9.137000000000047,1.1884000000000938,True
341,6.4,6.228600000000012,5.813000000000001,6.644200000000023,5.634399999999965,6.822800000000059,5.43840000000001,7.018800000000013,1.1884000000000938,True
342,7.2,7.477600000000037,7.062000000000026,7.893200000000048,6.88339999999999,8.071800000000085,6.687400000000036,8.267800000000038,1.1884000000000947,True
343,6.7,6.866800000000017,6.451200000000006,7.282400000000028,6.27259999999997,7.461000000000064,6.076600000000016,7.657000000000019,1.1884000000000938,True
344,7.1,7.275800000000019,6.860200000000008,7.69140000000003,6.681599999999972,7.870000000000066,6.485600000000018,8.06600000000002,1.1884000000000938,True
345,5.0,5.32939999999999,4.913799999999979,5.745000000000001,4.735199999999943,5.923600000000037,4.539199999999989,6.119599999999991,1.1884000000000938,True
346,5.8,6.043800000000004,5.6281999999999925,6.459400000000015,5.449599999999957,6.6380000000000505,5.253600000000002,6.834000000000005,1.1884000000000938,True
347,5.6,5.860400000000005,5.444799999999994,6.276000000000016,5.266199999999958,6.454600000000052,5.070200000000003,6.650600000000006,1.1884000000000938,True
348,4.9,7.149399999999994,6.733799999999983,7.565000000000005,6.555199999999947,7.743600000000041,6.359199999999992,7.939599999999995,1.1884000000000938,False
349,5.2,5.2923999999999785,4.876799999999967,5.7079999999999895,4.6981999999999315,5.886600000000025,4.502199999999977,6.08259999999998,1.1884000000000938,True
350,6.4,6.468600000000006,6.052999999999995,6.884200000000017,5.874399999999959,7.062800000000053,5.678400000000004,7.258800000000007,1.1884000000000938,True
351,6.5,6.218799999999998,5.803199999999987,6.634400000000009,5.624599999999951,6.813000000000045,5.428599999999997,7.0089999999999995,1.1884000000000938,True
352,6.6,6.419600000000004,6.003999999999993,6.8352000000000155,5.8253999999999575,7.013800000000051,5.629400000000003,7.209800000000006,1.1884000000000938,True
353,6.4,6.573999999999958,6.158399999999947,6.989599999999969,5.979799999999911,7.168200000000005,5.783799999999957,7.3641999999999594,1.1884000000000938,True
354,8.8,7.65213333333332,7.236533333333309,8.067733333333331,7.057933333333273,8.246333333333368,6.861933333333319,8.442333333333321,1.1884000000000947,False
355,6.9,6.9958571428571386,6.5802571428571275,7.41145714285715,6.401657142857092,7.5900571428571855,6.205657142857137,7.78605714285714,1.1884000000000938,True
356,3.9,4.3073999999999755,3.8917999999999644,4.7229999999999865,3.7131999999999286,4.901600000000022,3.517199999999974,5.097599999999977,1.1884000000000938,True
357,5.8,5.724400000000027,5.308800000000016,6.140000000000038,5.13019999999998,6.318600000000074,4.9342000000000255,6.514600000000028,1.1884000000000938,True
358,7.0,7.205399999999948,6.7897999999999366,7.620999999999959,6.611199999999901,7.7995999999999945,6.415199999999946,7.995599999999949,1.1884000000000938,True
359,6.0,6.188200000000023,5.772600000000012,6.603800000000034,5.593999999999976,6.78240000000007,5.398000000000022,6.978400000000025,1.1884000000000938,True
360,4.7,5.1784000000000185,4.7628000000000075,5.59400000000003,4.584199999999972,5.7726000000000655,4.388200000000017,5.96860000000002,1.1884000000000938,True
361,5.0,5.142600000000009,4.726999999999998,5.55820000000002,4.548399999999962,5.736800000000056,4.352400000000007,5.93280000000001,1.1884000000000938,True
362,8.2,7.977800000000013,7.562200000000002,8.393400000000025,7.383599999999966,8.57200000000006,7.187600000000011,8.768000000000015,1.1884000000000938,True
363,6.0,6.034199999999961,5.61859999999995,6.449799999999972,5.439999999999914,6.628400000000008,5.24399999999996,6.8243999999999625,1.1884000000000938,True
364,5.9,5.829599999999958,5.413999999999947,6.245199999999969,5.2353999999999115,6.423800000000005,5.039399999999957,6.61979999999996,1.1884000000000938,True
365,4.9,6.168400000000019,5.752800000000008,6.58400000000003,5.574199999999972,6.762600000000066,5.378200000000017,6.95860000000002,1.1884000000000938,False
366,4.3,4.5493999999999994,4.133799999999988,4.9650000000000105,3.9551999999999525,5.143600000000046,3.759199999999998,5.339600000000001,1.1884000000000938,True
367,4.8,4.9880000000000155,4.5724000000000045,5.403600000000027,4.393799999999969,5.5822000000000624,4.197800000000014,5.778200000000017,1.1884000000000938,True
368,8.1,7.720199999999999,7.304599999999988,8.13580000000001,7.125999999999952,8.314400000000045,6.929999999999998,8.5104,1.188400000000093,True
369,4.0,4.672799999999999,4.257199999999988,5.08840000000001,4.078599999999952,5.267000000000046,3.8825999999999974,5.463,1.1884000000000938,False
370,5.0,4.676600000000006,4.260999999999995,5.092200000000017,4.082399999999959,5.270800000000053,3.8864000000000045,5.466800000000007,1.1884000000000938,True
371,8.0,8.206600000000028,7.791000000000017,8.622200000000039,7.612399999999981,8.800800000000075,7.416400000000027,8.996800000000029,1.1884000000000938,True
372,6.5,6.1724000000000325,5.7568000000000215,6.588000000000044,5.578199999999986,6.766600000000079,5.382200000000031,6.962600000000034,1.1884000000000938,True
373,7.6,7.64213333333328,7.226533333333269,8.057733333333292,7.0479333333332335,8.236333333333327,6.851933333333279,8.432333333333283,1.1884000000000938,True
374,6.9,6.597200000000013,6.181600000000002,7.012800000000024,6.002999999999966,7.19140000000006,5.807000000000012,7.387400000000015,1.1884000000000938,True
375,4.4,4.764599999999994,4.348999999999983,5.1802000000000055,4.1703999999999475,5.358800000000041,3.974399999999993,5.554799999999996,1.1884000000000938,True
376,6.4,6.774000000000039,6.358400000000028,7.18960000000005,6.179799999999992,7.368200000000086,5.983800000000038,7.5642000000000404,1.1884000000000938,True
377,7.0,6.8502000000000045,6.434599999999993,7.265800000000016,6.255999999999958,7.444400000000051,6.060000000000003,7.640400000000006,1.1884000000000938,True
378,5.6,5.664599999999978,5.248999999999967,6.080199999999989,5.070399999999931,6.258800000000025,4.8743999999999765,6.454799999999979,1.1884000000000938,True
379,6.2,5.928400000000008,5.512799999999997,6.344000000000019,5.334199999999961,6.522600000000055,5.1382000000000065,6.718600000000009,1.1884000000000938,True
380,4.5,4.5956,4.179999999999989,5.011200000000011,4.001399999999953,5.189800000000047,3.805399999999999,5.3858000000000015,1.1884000000000938,True
381,6.8,6.082600000000011,5.667,6.498200000000022,5.488399999999964,6.676800000000058,5.2924000000000095,6.872800000000012,1.1884000000000938,False
382,4.8,4.841599999999997,4.425999999999986,5.257200000000008,4.24739999999995,5.435800000000044,4.051399999999996,5.631799999999998,1.1884000000000938,True
383,5.2,5.2995999999999945,4.8839999999999835,5.715200000000006,4.705399999999948,5.8938000000000415,4.509399999999993,6.089799999999996,1.1884000000000938,True
384,6.0,6.367200000000033,5.951600000000022,6.782800000000044,5.772999999999986,6.96140000000008,5.577000000000032,7.157400000000035,1.1884000000000938,True
385,6.0,5.609599999999989,5.193999999999978,6.0252,5.015399999999942,6.203800000000036,4.8193999999999875,6.39979999999999,1.1884000000000938,True
386,8.9,8.741600000000032,8.326000000000022,9.157200000000042,8.147399999999985,9.335800000000079,7.951400000000031,9.531800000000032,1.1884000000000938,True
387,5.9,5.866599999999999,5.450999999999988,6.28220000000001,5.272399999999952,6.460800000000046,5.076399999999998,6.6568000000000005,1.1884000000000938,True
388,7.5,6.872799999999997,6.457199999999986,7.288400000000008,6.27859999999995,7.467000000000044,6.082599999999996,7.6629999999999985,1.1884000000000938,False
389,7.7,7.800600000000047,7.385000000000036,8.216200000000057,7.2064,8.394800000000094,7.010400000000046,8.590800000000048,1.1884000000000938,True
390,5.1,5.022399999999997,4.606799999999986,5.438000000000008,4.42819999999995,5.616600000000044,4.232199999999995,5.812599999999998,1.1884000000000938,True
391,5.0,4.813199999999999,4.397599999999988,5.22880000000001,4.218999999999952,5.407400000000046,4.022999999999998,5.603400000000001,1.1884000000000938,True
392,5.8,5.722599999999998,5.306999999999987,6.138200000000009,5.128399999999951,6.316800000000045,4.932399999999997,6.5127999999999995,1.1884000000000938,True
393,7.9,7.999599999999992,7.583999999999981,8.415200000000002,7.405399999999945,8.593800000000039,7.209399999999991,8.789799999999993,1.1884000000000938,True
394,7.5,7.682799999999952,7.267199999999941,8.098399999999963,7.088599999999905,8.277,6.892599999999951,8.472999999999953,1.1884000000000938,True
395,6.9,6.875600000000041,6.46000000000003,7.291200000000052,6.281399999999994,7.469800000000088,6.08540000000004,7.665800000000043,1.1884000000000938,True
396,5.8,4.741,4.325399999999989,5.156600000000011,4.146799999999953,5.335200000000047,3.9507999999999983,5.531200000000001,1.1884000000000938,False
397,4.0,4.163799999999998,3.7481999999999873,4.5794000000000095,3.5695999999999515,4.758000000000045,3.373599999999997,4.954,1.1884000000000938,True
398,4.0,5.5359999999999925,5.120399999999981,5.9516000000000036,4.941799999999946,6.130200000000039,4.745799999999991,6.326199999999994,1.1884000000000938,False
399,7.4,7.4518000000000155,7.0362000000000045,7.867400000000027,6.857599999999969,8.046000000000063,6.661600000000014,8.242000000000017,1.1884000000000947,True
400,6.3,6.52425714285718,6.108657142857169,6.939857142857191,5.930057142857133,7.118457142857227,5.7340571428571785,7.314457142857181,1.1884000000000938,True
401,7.0,6.463800000000015,6.048200000000004,6.879400000000026,5.869599999999968,7.058000000000062,5.673600000000014,7.254000000000016,1.1884000000000938,True
402,6.0,5.5559999999999805,5.140399999999969,5.971599999999992,4.961799999999934,6.150200000000027,4.765799999999979,6.346199999999982,1.1884000000000938,True
403,7.0,6.811000000000034,6.395400000000023,7.226600000000045,6.216799999999987,7.405200000000081,6.020800000000032,7.601200000000035,1.1884000000000938,True
404,8.6,8.633200000000043,8.217600000000033,9.048800000000053,8.038999999999996,9.22740000000009,7.843000000000042,9.423400000000044,1.1884000000000938,True
405,6.3,6.123400000000021,5.7078000000000095,6.539000000000032,5.529199999999974,6.7176000000000675,5.333200000000019,6.913600000000022,1.1884000000000938,True
406,7.8,7.911200000000041,7.49560000000003,8.326800000000052,7.316999999999994,8.505400000000087,7.1210000000000395,8.701400000000042,1.188400000000093,True
407,4.7,4.700400000000003,4.284799999999992,5.116000000000014,4.106199999999956,5.29460000000005,3.9102000000000015,5.490600000000004,1.1884000000000938,True
408,7.6,7.664799999999949,7.249199999999938,8.08039999999996,7.070599999999902,8.258999999999997,6.874599999999948,8.45499999999995,1.1884000000000947,True
409,8.0,7.747400000000033,7.331800000000022,8.163000000000043,7.153199999999986,8.34160000000008,6.957200000000031,8.537600000000033,1.1884000000000938,True
410,4.5,4.415200000000006,3.9995999999999947,4.830800000000017,3.820999999999959,5.009400000000053,3.6250000000000044,5.205400000000007,1.1884000000000938,True
411,5.1,4.843999999999999,4.428399999999988,5.2596000000000105,4.2497999999999525,5.438200000000046,4.053799999999998,5.634200000000001,1.1884000000000938,True
412,4.3,4.690799999999974,4.275199999999963,5.106399999999985,4.096599999999927,5.285000000000021,3.9005999999999723,5.480999999999975,1.1884000000000938,True
413,6.9,6.916400000000006,6.500799999999995,7.332000000000017,6.322199999999959,7.510600000000053,6.126200000000004,7.706600000000007,1.1884000000000938,True
414,8.0,6.734599999999968,6.318999999999957,7.1501999999999795,6.1403999999999215,7.328800000000015,5.944399999999967,7.52479999999997,1.1884000000000938,False
415,6.0,6.099600000000002,5.683999999999991,6.515200000000013,5.505399999999955,6.693800000000049,5.309400000000001,6.889800000000004,1.1884000000000938,True
416,6.8,6.379200000000012,5.963600000000001,6.7948000000000235,5.7849999999999655,6.973400000000059,5.589000000000011,7.169400000000014,1.1884000000000938,True
417,5.0,7.080199999999994,6.664599999999983,7.495800000000005,6.485999999999947,7.674400000000041,6.289999999999993,7.870399999999996,1.1884000000000938,False
418,3.9,4.618199999999998,4.202599999999987,5.033800000000009,4.023999999999951,5.212400000000045,3.8279999999999967,5.408399999999999,1.1884000000000938,False
419,5.1,4.850800000000021,4.43520000000001,5.266400000000032,4.256599999999974,5.445000000000068,4.0606000000000195,5.641000000000022,1.1884000000000938,True
420,8.0,7.933199999999975,7.517599999999964,8.348799999999986,7.3389999999999285,8.527400000000021,7.142999999999974,8.723399999999977,1.188400000000093,True
421,5.8,5.49099999999998,5.075399999999969,5.906599999999991,4.896799999999933,6.085200000000027,4.700799999999979,6.2811999999999815,1.1884000000000938,True
422,4.3,4.758799999999983,4.343199999999972,5.174399999999994,4.164599999999936,5.35300000000003,3.9685999999999817,5.548999999999984,1.1884000000000938,True
423,3.6,4.030199999999996,3.614599999999985,4.445800000000007,3.4359999999999493,4.624400000000043,3.239999999999995,4.820399999999998,1.1884000000000938,True
424,5.4,5.2220000000000235,4.806400000000012,5.637600000000035,4.627799999999977,5.81620000000007,4.431800000000022,6.012200000000025,1.1884000000000938,True
425,5.0,4.902599999999998,4.486999999999987,5.318200000000009,4.308399999999951,5.496800000000045,4.1123999999999965,5.692799999999999,1.1884000000000938,True
426,6.5,6.416800000000013,6.001200000000002,6.832400000000024,5.822599999999966,7.01100000000006,5.626600000000011,7.207000000000014,1.1884000000000938,True
427,4.9,5.26039999999998,4.844799999999969,5.675999999999991,4.666199999999933,5.854600000000027,4.470199999999979,6.0505999999999815,1.1884000000000938,True
428,6.6,6.4953999999999965,6.079799999999985,6.911000000000008,5.90119999999995,7.089600000000043,5.705199999999995,7.285599999999998,1.1884000000000938,True
429,8.0,8.02999999999996,7.614399999999949,8.44559999999997,7.435799999999913,8.624200000000007,7.239799999999959,8.82019999999996,1.1884000000000938,True
430,4.2,4.468199999999972,4.052599999999961,4.883799999999983,3.873999999999925,5.062400000000019,3.6779999999999706,5.258399999999973,1.1884000000000938,True
431,4.9,4.931000000000034,4.515400000000023,5.346600000000045,4.336799999999987,5.525200000000081,4.1408000000000325,5.721200000000035,1.1884000000000938,True
432,5.1,5.435800000000006,5.020199999999995,5.851400000000017,4.841599999999959,6.030000000000053,4.645600000000004,6.226000000000007,1.1884000000000938,True
433,6.7,6.309600000000032,5.894000000000021,6.725200000000043,5.715399999999985,6.9038000000000785,5.51940000000003,7.099800000000033,1.1884000000000938,True
434,8.6,8.199200000000008,7.783599999999997,8.61480000000002,7.604999999999961,8.793400000000055,7.409000000000007,8.98940000000001,1.1884000000000938,True
435,8.4,8.1802,7.764599999999988,8.595800000000011,7.585999999999952,8.774400000000046,7.389999999999998,8.970400000000001,1.1884000000000938,True
436,4.9,4.946200000000004,4.530599999999993,5.361800000000015,4.351999999999957,5.540400000000051,4.156000000000002,5.736400000000005,1.1884000000000938,True
437,4.9,4.77399999999997,4.358399999999959,5.189599999999981,4.179799999999923,5.368200000000017,3.9837999999999685,5.564199999999971,1.1884000000000938,True
438,4.8,5.204800000000001,4.78919999999999,5.6204000000000125,4.6105999999999545,5.799000000000048,4.4146,5.995000000000003,1.1884000000000938,True
439,7.3,7.164999999999991,6.74939999999998,7.580600000000002,6.570799999999944,7.759200000000038,6.37479999999999,7.9551999999999925,1.1884000000000938,True
440,7.0,6.744599999999991,6.32899999999998,7.160200000000002,6.150399999999944,7.338800000000038,5.95439999999999,7.534799999999993,1.1884000000000938,True
441,4.8,4.828466666666666,4.4128666666666545,5.244066666666677,4.234266666666619,5.4226666666667125,4.038266666666664,5.618666666666667,1.1884000000000938,True
442,6.3,5.177899999999995,4.762299999999984,5.593500000000006,4.583699999999948,5.772100000000042,4.3876999999999935,5.968099999999996,1.1884000000000938,False
443,4.0,4.315400000000001,3.89979999999999,4.731000000000012,3.7211999999999543,4.909600000000048,3.5252,5.105600000000003,1.1884000000000938,True
444,6.7,6.911800000000008,6.496199999999997,7.3274000000000195,6.3175999999999615,7.506000000000055,6.121600000000007,7.70200000000001,1.1884000000000938,True
445,8.3,8.15899999999998,7.743399999999968,8.57459999999999,7.5647999999999325,8.753200000000026,7.368799999999978,8.94919999999998,1.1884000000000938,True
446,4.4,4.41500000000004,3.999400000000029,4.830600000000051,3.820799999999993,5.009200000000087,3.6248000000000387,5.205200000000041,1.1884000000000938,True
447,5.0,5.2097999999999605,4.794199999999949,5.6253999999999715,4.6155999999999135,5.804000000000007,4.419599999999959,5.999999999999962,1.1884000000000938,True
448,7.4,6.552000000000005,6.136399999999994,6.967600000000016,5.957799999999958,7.146200000000052,5.761800000000004,7.342200000000006,1.1884000000000938,False
449,6.0,5.877000000000006,5.461399999999995,6.292600000000017,5.282799999999959,6.471200000000053,5.086800000000005,6.667200000000007,1.1884000000000938,True
450,8.0,7.985600000000005,7.569999999999994,8.401200000000017,7.391399999999958,8.579800000000052,7.195400000000004,8.775800000000007,1.1884000000000938,True
451,6.8,6.37979999999996,5.964199999999949,6.7953999999999715,5.7855999999999135,6.974000000000007,5.589599999999959,7.169999999999962,1.1884000000000938,True
452,8.0,7.728399999999997,7.312799999999986,8.144000000000009,7.13419999999995,8.322600000000044,6.938199999999996,8.5186,1.1884000000000938,True
453,7.0,6.921400000000029,6.505800000000018,7.33700000000004,6.327199999999982,7.5156000000000756,6.131200000000027,7.71160000000003,1.1884000000000938,True
454,8.7,8.4112,7.995599999999988,8.82680000000001,7.816999999999952,9.005400000000046,7.620999999999998,9.2014,1.1884000000000938,True
455,7.1,6.932599999999987,6.516999999999976,7.3481999999999985,6.3383999999999405,7.526800000000034,6.142399999999986,7.722799999999989,1.1884000000000938,True
456,7.9,7.753057142857111,7.3374571428571,8.168657142857121,7.158857142857064,8.347257142857158,6.96285714285711,8.543257142857112,1.1884000000000938,True
457,6.1,5.6606,5.244999999999989,6.076200000000011,5.066399999999953,6.2548000000000465,4.870399999999998,6.450800000000001,1.1884000000000938,True
458,6.0,5.889200000000001,5.47359999999999,6.304800000000012,5.294999999999954,6.483400000000048,5.098999999999999,6.679400000000002,1.1884000000000938,True
459,7.8,7.906600000000027,7.491000000000016,8.322200000000038,7.31239999999998,8.500800000000073,7.116400000000025,8.696800000000028,1.188400000000093,True
460,4.5,4.825799999999998,4.410199999999987,5.241400000000009,4.231599999999951,5.420000000000045,4.035599999999997,5.616,1.1884000000000938,True
461,6.6,6.527000000000014,6.111400000000003,6.942600000000025,5.932799999999967,7.121200000000061,5.736800000000013,7.317200000000016,1.1884000000000938,True
462,8.0,8.099800000000013,7.6842000000000015,8.515400000000025,7.505599999999966,8.69400000000006,7.309600000000011,8.890000000000015,1.1884000000000938,True
463,7.9,7.9921999999999915,7.5765999999999805,8.407800000000002,7.397999999999945,8.586400000000038,7.20199999999999,8.782399999999992,1.1884000000000938,True
464,8.4,7.8230000000000395,7.407400000000028,8.238600000000051,7.228799999999993,8.417200000000086,7.032800000000038,8.613200000000042,1.1884000000000938,True
465,7.3,7.45539999999996,7.039799999999949,7.870999999999971,6.861199999999913,8.049600000000007,6.665199999999959,8.24559999999996,1.1884000000000938,True
466,4.6,4.796800000000005,4.3811999999999935,5.212400000000016,4.202599999999958,5.3910000000000515,4.006600000000003,5.587000000000006,1.1884000000000938,True
467,6.8,7.066200000000013,6.650600000000002,7.481800000000024,6.471999999999966,7.66040000000006,6.276000000000011,7.856400000000014,1.1884000000000938,True
468,7.1,7.189257142857142,6.773657142857131,7.604857142857153,6.595057142857095,7.783457142857189,6.39905714285714,7.979457142857143,1.1884000000000938,True
469,6.2,6.403199999999983,5.987599999999972,6.818799999999994,5.808999999999936,6.99740000000003,5.612999999999982,7.1933999999999845,1.1884000000000938,True
470,5.6,5.012733333333333,4.597133333333322,5.428333333333344,4.418533333333286,5.60693333333338,4.222533333333332,5.802933333333335,1.1884000000000938,True
471,8.0,7.979800000000025,7.564200000000014,8.395400000000036,7.385599999999978,8.574000000000073,7.1896000000000235,8.770000000000026,1.1884000000000947,True
472,5.9,5.98800000000002,5.572400000000009,6.403600000000031,5.393799999999973,6.582200000000067,5.197800000000019,6.778200000000021,1.1884000000000938,True
473,7.0,6.99839999999998,6.582799999999969,7.413999999999991,6.404199999999933,7.592600000000027,6.208199999999978,7.788599999999981,1.1884000000000938,True
474,5.0,5.824800000000029,5.409200000000018,6.24040000000004,5.230599999999982,6.419000000000076,5.034600000000028,6.61500000000003,1.1884000000000938,False
475,4.8,4.775399999999999,4.359799999999988,5.1910000000000105,4.1811999999999525,5.369600000000046,3.985199999999998,5.565600000000001,1.1884000000000938,True
476,8.0,7.63320000000005,7.217600000000039,8.04880000000006,7.039000000000003,8.227400000000097,6.843000000000049,8.42340000000005,1.1884000000000938,True
477,4.6,5.299400000000002,4.883799999999991,5.715000000000013,4.705199999999955,5.893600000000049,4.509200000000001,6.0896000000000035,1.1884000000000938,False
478,8.3,7.5347999999999855,7.119199999999974,7.950399999999997,6.940599999999939,8.129000000000033,6.744599999999984,8.324999999999987,1.1884000000000947,False
479,5.9,5.7365999999999975,5.320999999999986,6.1522000000000086,5.142399999999951,6.330800000000044,4.946399999999996,6.526799999999999,1.1884000000000938,True
480,5.0,5.413200000000002,4.9975999999999905,5.828800000000013,4.818999999999955,6.0074000000000485,4.623,6.203400000000003,1.1884000000000938,True
481,4.5,4.638799999999984,4.223199999999973,5.054399999999995,4.044599999999937,5.233000000000031,3.8485999999999825,5.428999999999985,1.1884000000000938,True
482,5.7,4.872399999999998,4.456799999999987,5.288000000000009,4.278199999999951,5.466600000000045,4.082199999999997,5.662599999999999,1.1884000000000938,False
483,8.0,7.914533333333363,7.498933333333352,8.330133333333375,7.320333333333316,8.50873333333341,7.124333333333362,8.704733333333365,1.1884000000000938,True
484,5.3,5.336800000000014,4.921200000000003,5.7524000000000255,4.7425999999999675,5.931000000000061,4.546600000000013,6.127000000000016,1.1884000000000938,True
485,4.6,4.8147999999999795,4.3991999999999685,5.230399999999991,4.220599999999933,5.4090000000000265,4.024599999999978,5.604999999999981,1.1884000000000938,True
486,4.5,4.323400000000016,3.9078000000000053,4.739000000000027,3.7291999999999694,4.917600000000063,3.533200000000015,5.113600000000018,1.1884000000000938,True
487,5.2,5.437600000000003,5.021999999999992,5.853200000000014,4.843399999999956,6.03180000000005,4.647400000000002,6.227800000000005,1.1884000000000938,True
488,7.1,7.344400000000028,6.928800000000017,7.760000000000039,6.750199999999981,7.938600000000075,6.5542000000000264,8.13460000000003,1.1884000000000938,True
489,5.1,5.178399999999998,4.762799999999987,5.594000000000009,4.584199999999951,5.772600000000045,4.388199999999997,5.9685999999999995,1.1884000000000938,True
490,8.0,8.023200000000003,7.607599999999992,8.438800000000015,7.428999999999956,8.61740000000005,7.233000000000001,8.813400000000005,1.1884000000000938,True
491,6.0,5.794200000000036,5.378600000000025,6.2098000000000475,5.1999999999999895,6.388400000000083,5.004000000000035,6.584400000000038,1.1884000000000938,True
492,8.0,7.766400000000005,7.350799999999994,8.182000000000016,7.172199999999958,8.360600000000051,6.976200000000004,8.556600000000007,1.188400000000093,True
493,7.5,7.4726000000000505,7.0570000000000395,7.888200000000062,6.878400000000004,8.066800000000097,6.682400000000049,8.262800000000052,1.188400000000093,True
494,5.2,5.457400000000012,5.041800000000001,5.873000000000023,4.863199999999965,6.051600000000059,4.667200000000011,6.247600000000014,1.1884000000000938,True
495,4.9,4.917199999999999,4.501599999999988,5.33280000000001,4.322999999999952,5.511400000000046,4.126999999999998,5.707400000000001,1.1884000000000938,True
496,5.5,5.207399999999981,4.79179999999997,5.622999999999992,4.613199999999934,5.801600000000028,4.41719999999998,5.9975999999999825,1.1884000000000938,True
497,5.6,5.230999999999994,4.815399999999983,5.646600000000005,4.636799999999947,5.825200000000041,4.440799999999992,6.021199999999995,1.1884000000000938,True
498,8.7,8.186600000000043,7.771000000000032,8.602200000000053,7.592399999999996,8.78080000000009,7.396400000000042,8.976800000000043,1.1884000000000938,True
499,6.9,7.182199999999963,6.7665999999999515,7.597799999999974,6.587999999999916,7.7764000000000095,6.391999999999961,7.972399999999964,1.1884000000000938,True
500,8.0,8.037800000000018,7.622200000000007,8.45340000000003,7.443599999999972,8.632000000000065,7.247600000000017,8.82800000000002,1.1884000000000938,True
501,6.4,6.560600000000014,6.145000000000003,6.976200000000025,5.966399999999967,7.154800000000061,5.770400000000013,7.3508000000000155,1.1884000000000938,True
502,4.7,5.142000000000014,4.726400000000003,5.557600000000025,4.547799999999967,5.736200000000061,4.351800000000012,5.932200000000015,1.1884000000000938,True
503,4.0,4.139733333333347,3.724133333333336,4.555333333333358,3.5455333333333003,4.733933333333394,3.349533333333346,4.929933333333349,1.1884000000000938,True
504,6.0,5.943799999999976,5.528199999999965,6.3593999999999875,5.3495999999999295,6.538000000000023,5.153599999999975,6.733999999999978,1.1884000000000938,True
505,6.1,5.646800000000018,5.2312000000000065,6.062400000000029,5.052599999999971,6.2410000000000645,4.856600000000016,6.437000000000019,1.1884000000000938,True
506,8.1,8.081199999999956,7.665599999999945,8.496799999999968,7.4869999999999095,8.675400000000003,7.290999999999955,8.871399999999959,1.1884000000000938,True
507,6.0,5.915999999999987,5.500399999999976,6.331599999999998,5.32179999999994,6.510200000000034,5.125799999999986,6.706199999999988,1.1884000000000938,True
508,6.0,6.187000000000026,5.771400000000015,6.602600000000037,5.592799999999979,6.781200000000073,5.396800000000025,6.977200000000027,1.1884000000000938,True
509,7.9,7.9868000000000015,7.57119999999999,8.402400000000013,7.3925999999999545,8.58100000000005,7.1966,8.777000000000003,1.1884000000000947,True
510,7.5,6.57013333333333,6.154533333333319,6.985733333333341,5.975933333333283,7.164333333333377,5.779933333333329,7.360333333333331,1.1884000000000938,False
511,4.0,4.005200000000008,3.5895999999999972,4.420800000000019,3.4109999999999614,4.599400000000055,3.215000000000007,4.79540000000001,1.1884000000000938,True
512,5.5,5.38159999999997,4.965999999999959,5.7971999999999815,4.7873999999999235,5.975800000000017,4.591399999999969,6.171799999999972,1.1884000000000938,True
513,5.0,5.047599999999974,4.631999999999963,5.463199999999985,4.453399999999927,5.641800000000021,4.257399999999973,5.837799999999976,1.1884000000000938,True
514,5.0,5.073399999999968,4.657799999999957,5.4889999999999795,4.4791999999999215,5.667600000000015,4.283199999999967,5.86359999999997,1.1884000000000938,True
515,5.4,5.42140000000003,5.005800000000019,5.8370000000000415,4.8271999999999835,6.015600000000077,4.631200000000029,6.211600000000032,1.1884000000000938,True
516,4.1,4.55659999999997,4.140999999999959,4.972199999999981,3.9623999999999233,5.150800000000017,3.766399999999969,5.346799999999972,1.1884000000000938,True
517,5.8,5.946399999999995,5.530799999999984,6.362000000000006,5.352199999999948,6.540600000000042,5.156199999999994,6.736599999999997,1.1884000000000938,True
518,5.1,5.002,4.586399999999989,5.417600000000011,4.407799999999953,5.596200000000047,4.211799999999998,5.792200000000001,1.1884000000000938,True
519,5.0,5.105200000000001,4.68959999999999,5.520800000000012,4.510999999999954,5.699400000000048,4.3149999999999995,5.895400000000002,1.1884000000000938,True
520,7.0,7.003400000000004,6.5877999999999926,7.419000000000015,6.409199999999957,7.5976000000000505,6.213200000000002,7.793600000000005,1.1884000000000938,True
521,4.0,4.149199999999983,3.7335999999999716,4.564799999999994,3.5549999999999358,4.74340000000003,3.3589999999999813,4.939399999999984,1.1884000000000938,True
522,7.4,7.607999999999955,7.192399999999944,8.023599999999966,7.013799999999908,8.202200000000001,6.817799999999954,8.398199999999957,1.188400000000093,True
523,4.1,4.422999999999989,4.007399999999978,4.8386000000000005,3.8287999999999425,5.017200000000036,3.632799999999988,5.213199999999991,1.1884000000000938,True
524,7.1,6.358300000000008,5.942699999999997,6.773900000000019,5.764099999999961,6.952500000000055,5.5681000000000065,7.148500000000009,1.1884000000000938,False
525,4.1,4.257399999999977,3.8417999999999664,4.6729999999999885,3.6631999999999305,4.851600000000024,3.467199999999976,5.047599999999979,1.1884000000000938,True
526,5.6,5.870600000000007,5.454999999999996,6.286200000000018,5.27639999999996,6.464800000000054,5.080400000000005,6.660800000000008,1.1884000000000938,True
527,6.9,6.940200000000002,6.524599999999991,7.355800000000013,6.345999999999955,7.534400000000049,6.15,7.730400000000003,1.1884000000000938,True
528,5.8,5.951200000000001,5.53559999999999,6.366800000000012,5.356999999999954,6.545400000000048,5.161,6.741400000000002,1.1884000000000938,True
529,4.9,5.030800000000032,4.615200000000021,5.446400000000043,4.436599999999985,5.625000000000079,4.240600000000031,5.8210000000000335,1.1884000000000938,True
530,4.6,4.578999999999999,4.163399999999988,4.99460000000001,3.984799999999952,5.173200000000046,3.7887999999999975,5.3692,1.1884000000000938,True
531,5.3,5.181800000000011,4.7661999999999995,5.597400000000022,4.587599999999964,5.7760000000000575,4.391600000000009,5.972000000000012,1.1884000000000938,True
532,7.4,7.236399999999958,6.820799999999947,7.651999999999969,6.642199999999911,7.830600000000005,6.446199999999957,8.02659999999996,1.1884000000000938,True
533,5.1,5.109399999999991,4.69379999999998,5.525000000000002,4.515199999999944,5.703600000000038,4.31919999999999,5.899599999999992,1.1884000000000938,True
534,6.3,6.3908,5.9751999999999885,6.806400000000011,5.796599999999953,6.9850000000000465,5.600599999999998,7.181000000000001,1.1884000000000938,True
535,6.1,5.8689999999999864,5.453399999999975,6.2845999999999975,5.2747999999999395,6.463200000000033,5.078799999999985,6.659199999999988,1.1884000000000938,True
536,6.0,6.247600000000019,5.832000000000008,6.66320000000003,5.653399999999972,6.841800000000066,5.457400000000018,7.03780000000002,1.1884000000000938,True
537,5.2,5.173399999999988,4.7577999999999765,5.588999999999999,4.579199999999941,5.7676000000000345,4.383199999999986,5.963599999999989,1.1884000000000938,True
538,9.0,8.676800000000009,8.261199999999999,9.09240000000002,8.082599999999962,9.271000000000056,7.886600000000008,9.46700000000001,1.1884000000000938,True
539,4.8,5.06560000000001,4.649999999999999,5.481200000000021,4.471399999999963,5.659800000000057,4.275400000000008,5.855800000000011,1.1884000000000938,True
540,7.8,7.91219999999994,7.496599999999929,8.32779999999995,7.317999999999893,8.506399999999987,7.121999999999939,8.70239999999994,1.1884000000000938,True
541,5.0,5.135200000000001,4.71959999999999,5.550800000000012,4.540999999999954,5.729400000000048,4.345,5.925400000000002,1.1884000000000938,True
542,4.4,4.682000000000025,4.266400000000014,5.097600000000036,4.087799999999978,5.276200000000072,3.891800000000024,5.472200000000027,1.1884000000000938,True
543,5.9,6.098399999999999,5.682799999999988,6.51400000000001,5.504199999999952,6.692600000000046,5.308199999999998,6.8886,1.1884000000000938,True
544,5.1,5.1300000000000034,4.714399999999992,5.5456000000000145,4.5357999999999565,5.72420000000005,4.339800000000002,5.920200000000005,1.1884000000000938,True
545,5.7,5.863199999999984,5.447599999999973,6.278799999999995,5.268999999999937,6.457400000000031,5.072999999999983,6.653399999999985,1.1884000000000938,True
546,5.4,5.28440000000003,4.868800000000019,5.700000000000041,4.690199999999983,5.878600000000077,4.494200000000029,6.074600000000031,1.1884000000000938,True
547,7.0,7.062799999999971,6.64719999999996,7.478399999999982,6.468599999999924,7.657000000000018,6.2725999999999695,7.852999999999972,1.1884000000000938,True
548,6.0,6.0420000000000025,5.626399999999991,6.4576000000000136,5.447799999999956,6.636200000000049,5.251800000000001,6.832200000000004,1.1884000000000938,True
549,4.3,4.404999999999985,3.989399999999974,4.820599999999996,3.8107999999999382,4.999200000000032,3.614799999999984,5.1951999999999865,1.1884000000000938,True
550,5.0,5.013000000000009,4.597399999999998,5.42860000000002,4.418799999999962,5.607200000000056,4.222800000000007,5.80320000000001,1.1884000000000938,True
551,8.0,8.062000000000006,7.646399999999995,8.477600000000017,7.46779999999996,8.656200000000053,7.271800000000005,8.852200000000007,1.1884000000000938,True
552,5.1,5.20199999999999,4.786399999999979,5.617600000000001,4.607799999999943,5.796200000000037,4.411799999999989,5.9921999999999915,1.1884000000000938,True
553,7.6,7.811200000000035,7.395600000000024,8.226800000000047,7.216999999999988,8.405400000000082,7.021000000000034,8.601400000000037,1.1884000000000938,True
554,6.2,6.2986000000000395,5.883000000000028,6.714200000000051,5.704399999999993,6.892800000000086,5.508400000000038,7.088800000000041,1.1884000000000938,True
555,6.5,6.417000000000031,6.00140000000002,6.832600000000042,5.822799999999984,7.011200000000078,5.6268000000000296,7.207200000000032,1.1884000000000938,True
556,7.3,7.069800000000008,6.654199999999997,7.485400000000019,6.475599999999961,7.664000000000055,6.2796000000000065,7.860000000000009,1.1884000000000938,True
557,8.8,8.08879999999999,7.673199999999979,8.5044,7.494599999999943,8.683000000000037,7.298599999999989,8.87899999999999,1.1884000000000938,False
558,4.1,4.663600000000023,4.248000000000012,5.079200000000034,4.069399999999976,5.25780000000007,3.8734000000000215,5.453800000000024,1.1884000000000938,True
559,9.1,8.825399999999995,8.409799999999983,9.241000000000007,8.231199999999948,9.419600000000042,8.035199999999993,9.615599999999997,1.1884000000000938,True
560,5.1,4.871000000000003,4.455399999999992,5.286600000000014,4.276799999999956,5.46520000000005,4.080800000000002,5.6612000000000045,1.1884000000000938,True
561,7.0,6.8776,6.461999999999989,7.293200000000011,6.283399999999953,7.471800000000047,6.087399999999999,7.6678000000000015,1.1884000000000938,True
562,6.2,6.1019999999999905,5.6863999999999795,6.517600000000002,5.507799999999944,6.6962000000000375,5.311799999999989,6.892199999999992,1.1884000000000938,True
563,5.0,5.043999999999993,4.628399999999982,5.4596000000000044,4.4497999999999465,5.63820000000004,4.253799999999992,5.834199999999995,1.1884000000000938,True
564,5.5,5.4063333333333725,4.990733333333361,5.821933333333384,4.812133333333326,6.000533333333419,4.616133333333371,6.196533333333374,1.1884000000000938,True
565,7.6,7.653599999999997,7.237999999999986,8.06920000000001,7.05939999999995,8.247800000000044,6.863399999999996,8.4438,1.1884000000000938,True
566,8.1,7.5454,7.129799999999989,7.961000000000011,6.951199999999953,8.139600000000048,6.7551999999999985,8.335600000000001,1.1884000000000947,True
567,6.8,7.055799999999998,6.640199999999987,7.471400000000009,6.461599999999951,7.650000000000045,6.2655999999999965,7.845999999999999,1.1884000000000938,True
568,8.0,7.890400000000029,7.474800000000018,8.30600000000004,7.296199999999982,8.484600000000075,7.100200000000028,8.68060000000003,1.188400000000093,True
569,6.0,6.139600000000026,5.724000000000015,6.555200000000037,5.5453999999999795,6.733800000000073,5.349400000000025,6.929800000000028,1.1884000000000938,True
570,4.1,4.0718000000000005,3.6561999999999895,4.487400000000012,3.4775999999999536,4.666000000000047,3.281599999999999,4.862000000000002,1.1884000000000938,True
571,6.2,6.104199999999976,5.688599999999965,6.519799999999987,5.509999999999929,6.698400000000023,5.313999999999974,6.894399999999977,1.1884000000000938,True
572,7.0,7.188199999999939,6.772599999999928,7.60379999999995,6.593999999999892,7.782399999999986,6.3979999999999375,7.97839999999994,1.1884000000000938,True
573,7.0,6.459000000000005,6.043399999999994,6.874600000000016,5.864799999999958,7.053200000000052,5.668800000000004,7.249200000000006,1.1884000000000938,True
574,7.5,7.221000000000006,6.805399999999995,7.636600000000017,6.626799999999959,7.815200000000053,6.430800000000005,8.011200000000008,1.1884000000000938,True
575,8.1,7.5402000000000005,7.124599999999989,7.9558000000000115,6.9459999999999535,8.134400000000047,6.749999999999999,8.330400000000001,1.1884000000000938,True
576,8.7,8.490900000000039,8.075300000000027,8.906500000000051,7.896699999999992,9.085100000000086,7.700700000000038,9.281100000000041,1.1884000000000938,True
577,6.2,6.203000000000036,5.787400000000025,6.618600000000047,5.608799999999989,6.797200000000083,5.4128000000000345,6.993200000000037,1.1884000000000938,True
578,4.4,4.4934000000000305,4.077800000000019,4.9090000000000416,3.8991999999999836,5.087600000000077,3.703200000000029,5.283600000000032,1.1884000000000938,True
579,6.4,6.639799999999952,6.224199999999941,7.055399999999963,6.045599999999905,7.233999999999999,5.849599999999951,7.4299999999999535,1.1884000000000938,True
580,6.0,5.928400000000043,5.512800000000032,6.3440000000000545,5.3341999999999965,6.52260000000009,5.138200000000042,6.718600000000045,1.1884000000000938,True
581,4.2,4.2425999999999675,3.8269999999999564,4.658199999999979,3.6483999999999206,4.836800000000014,3.452399999999966,5.032799999999969,1.1884000000000938,True
582,6.3,6.006,5.590399999999989,6.421600000000011,5.411799999999953,6.600200000000047,5.215799999999999,6.796200000000002,1.1884000000000938,True
583,5.1,4.642199999999989,4.226599999999978,5.0578,4.047999999999942,5.236400000000036,3.851999999999988,5.432399999999991,1.1884000000000938,True
584,4.0,4.518799999999997,4.103199999999986,4.934400000000008,3.92459999999995,5.113000000000044,3.7285999999999957,5.308999999999998,1.1884000000000938,True
585,5.8,6.21539999999996,5.799799999999949,6.630999999999971,5.621199999999913,6.809600000000007,5.4251999999999585,7.005599999999961,1.1884000000000938,True
586,5.0,5.016999999999998,4.601399999999987,5.432600000000009,4.422799999999951,5.611200000000045,4.226799999999996,5.807199999999999,1.1884000000000938,True
587,8.1,8.04879999999998,7.633199999999969,8.46439999999999,7.4545999999999335,8.643000000000027,7.258599999999979,8.83899999999998,1.1884000000000938,True
588,4.8,5.035200000000008,4.619599999999997,5.450800000000019,4.440999999999961,5.629400000000055,4.245000000000006,5.825400000000009,1.1884000000000938,True
589,6.0,6.321399999999984,5.905799999999973,6.736999999999995,5.727199999999937,6.915600000000031,5.531199999999982,7.111599999999985,1.1884000000000938,True
590,8.4,7.576599999999987,7.160999999999976,7.992199999999998,6.98239999999994,8.170800000000034,6.786399999999985,8.366799999999987,1.1884000000000938,False
591,7.2,7.187599999999968,6.771999999999957,7.603199999999979,6.593399999999921,7.781800000000015,6.3973999999999664,7.977799999999969,1.1884000000000938,True
592,8.1,7.795000000000035,7.3794000000000235,8.210600000000046,7.200799999999988,8.38920000000008,7.004800000000033,8.585200000000036,1.188400000000093,True
593,6.7,6.715000000000001,6.29939999999999,7.130600000000012,6.120799999999954,7.309200000000048,5.924799999999999,7.505200000000002,1.1884000000000938,True
594,8.1,8.004399999999997,7.588799999999986,8.420000000000009,7.41019999999995,8.598600000000044,7.2141999999999955,8.794599999999999,1.1884000000000938,True
595,6.0,6.014999999999995,5.599399999999984,6.430600000000006,5.420799999999948,6.609200000000042,5.224799999999994,6.805199999999997,1.1884000000000938,True
596,8.0,7.876000000000043,7.460400000000032,8.291600000000054,7.281799999999996,8.47020000000009,7.085800000000042,8.666200000000044,1.1884000000000947,True
597,4.9,5.092999999999982,4.677399999999971,5.508599999999993,4.498799999999935,5.687200000000029,4.302799999999981,5.8831999999999836,1.1884000000000938,True
598,6.1,5.635200000000037,5.2196000000000256,6.050800000000048,5.04099999999999,6.2294000000000835,4.845000000000035,6.425400000000038,1.1884000000000938,True
599,5.8,5.992400000000005,5.576799999999994,6.408000000000016,5.398199999999958,6.586600000000052,5.202200000000004,6.782600000000007,1.1884000000000938,True
600,6.0,5.893799999999996,5.478199999999985,6.309400000000007,5.299599999999949,6.488000000000043,5.103599999999995,6.6839999999999975,1.1884000000000938,True
601,8.3,8.059000000000015,7.643400000000004,8.474600000000027,7.464799999999968,8.653200000000062,7.268800000000014,8.849200000000017,1.1884000000000938,True
602,7.8,7.581400000000016,7.165800000000005,7.997000000000027,6.987199999999969,8.175600000000063,6.791200000000015,8.371600000000019,1.1884000000000938,True
603,7.0,7.527000000000051,7.11140000000004,7.942600000000062,6.932800000000004,8.121200000000098,6.736800000000049,8.317200000000053,1.1884000000000938,True
604,5.1,4.900200000000033,4.484600000000022,5.315800000000044,4.305999999999986,5.49440000000008,4.110000000000031,5.690400000000034,1.1884000000000938,True
605,4.0,4.14099999999998,3.7253999999999685,4.556599999999991,3.5467999999999327,4.7352000000000265,3.3507999999999782,4.931199999999981,1.1884000000000938,True
606,7.8,7.951600000000023,7.536000000000012,8.367200000000034,7.357399999999976,8.545800000000071,7.161400000000022,8.741800000000024,1.1884000000000947,True
607,6.3,6.414200000000048,5.998600000000037,6.829800000000059,5.820000000000001,7.008400000000095,5.624000000000047,7.204400000000049,1.1884000000000938,True
608,5.9,5.693799999999984,5.278199999999973,6.1093999999999955,5.0995999999999375,6.288000000000031,4.903599999999983,6.483999999999986,1.1884000000000938,True
609,7.0,6.84160000000002,6.426000000000009,7.257200000000031,6.247399999999973,7.435800000000067,6.051400000000019,7.6318000000000215,1.1884000000000938,True
610,4.2,4.665199999999983,4.249599999999972,5.080799999999994,4.070999999999936,5.25940000000003,3.8749999999999813,5.455399999999984,1.1884000000000938,True
611,6.0,6.07419999999996,5.658599999999949,6.489799999999971,5.479999999999913,6.668400000000007,5.283999999999959,6.864399999999962,1.1884000000000938,True
612,4.0,4.118399999999995,3.702799999999984,4.534000000000006,3.524199999999948,4.712600000000042,3.3281999999999936,4.908599999999996,1.1884000000000938,True
613,8.9,8.718933333333393,8.30333333333338,9.134533333333405,8.124733333333346,9.31313333333344,7.928733333333391,9.509133333333395,1.1884000000000938,True
614,5.2,4.839800000000019,4.424200000000008,5.25540000000003,4.245599999999972,5.434000000000066,4.049600000000018,5.63000000000002,1.1884000000000938,True
615,5.0,5.0,4.584399999999989,5.415600000000011,4.405799999999953,5.594200000000047,4.209799999999999,5.790200000000001,1.1884000000000938,True
616,5.0,5.226000000000012,4.810400000000001,5.6416000000000235,4.6317999999999655,5.820200000000059,4.435800000000011,6.016200000000014,1.1884000000000938,True
617,4.9,6.871599999999993,6.455999999999982,7.287200000000004,6.277399999999946,7.46580000000004,6.0813999999999915,7.661799999999994,1.1884000000000938,False
618,4.7,4.820999999999984,4.405399999999973,5.236599999999995,4.226799999999937,5.415200000000031,4.030799999999982,5.611199999999985,1.1884000000000938,True
619,6.0,4.897599999999999,4.481999999999988,5.31320000000001,4.303399999999952,5.491800000000046,4.1073999999999975,5.6878,1.1884000000000938,False
620,5.3,4.7862000000000045,4.370599999999993,5.2018000000000155,4.1919999999999575,5.380400000000051,3.996000000000003,5.576400000000006,1.1884000000000938,True
621,4.4,4.562199999999976,4.146599999999965,4.977799999999987,3.967999999999929,5.156400000000023,3.7719999999999745,5.352399999999977,1.1884000000000938,True
622,7.0,6.657499999999974,6.241899999999963,7.073099999999985,6.063299999999927,7.251700000000021,5.867299999999973,7.447699999999975,1.1884000000000938,True
623,6.6,6.515799999999959,6.100199999999948,6.93139999999997,5.921599999999912,7.110000000000006,5.725599999999957,7.30599999999996,1.1884000000000938,True
624,4.8,4.917599999999998,4.501999999999987,5.3332000000000095,4.3233999999999515,5.511800000000045,4.127399999999997,5.7078,1.1884000000000938,True
625,6.0,6.075900000000005,5.660299999999994,6.491500000000016,5.481699999999958,6.670100000000052,5.285700000000004,6.8661000000000065,1.1884000000000938,True
626,5.0,5.046400000000005,4.630799999999994,5.462000000000016,4.452199999999958,5.640600000000052,4.256200000000003,5.836600000000006,1.1884000000000938,True
627,4.7,4.782600000000013,4.367000000000002,5.198200000000024,4.188399999999966,5.37680000000006,3.9924000000000115,5.572800000000014,1.1884000000000938,True
628,5.2,5.074800000000003,4.659199999999992,5.490400000000014,4.480599999999956,5.66900000000005,4.284600000000002,5.865000000000005,1.1884000000000938,True
629,4.7,5.091800000000009,4.676199999999998,5.50740000000002,4.497599999999962,5.686000000000056,4.301600000000008,5.88200000000001,1.1884000000000938,True
630,4.5,4.595199999999995,4.179599999999984,5.010800000000006,4.000999999999948,5.189400000000042,3.8049999999999935,5.385399999999996,1.1884000000000938,True
631,7.0,7.285399999999999,6.869799999999988,7.70100000000001,6.691199999999952,7.879600000000046,6.495199999999998,8.075600000000001,1.1884000000000938,True
632,7.9,7.768599999999998,7.352999999999987,8.18420000000001,7.1743999999999515,8.362800000000046,6.978399999999997,8.5588,1.1884000000000947,True
633,5.0,4.965999999999984,4.550399999999973,5.381599999999995,4.371799999999937,5.560200000000031,4.175799999999983,5.7561999999999856,1.1884000000000938,True
634,6.3,6.351399999999967,5.935799999999956,6.766999999999978,5.75719999999992,6.945600000000014,5.561199999999966,7.141599999999968,1.1884000000000938,True
635,5.2,5.002400000000004,4.586799999999993,5.418000000000015,4.408199999999957,5.596600000000051,4.212200000000003,5.7926000000000055,1.1884000000000938,True
636,7.7,7.898599999999997,7.482999999999986,8.314200000000008,7.3043999999999505,8.492800000000045,7.108399999999996,8.688799999999999,1.1884000000000947,True
637,8.2,7.921400000000022,7.505800000000011,8.337000000000033,7.3271999999999755,8.51560000000007,7.131200000000021,8.711600000000024,1.1884000000000947,True
638,5.4,5.34260000000001,4.926999999999999,5.758200000000021,4.748399999999963,5.936800000000057,4.552400000000008,6.132800000000011,1.1884000000000938,True
639,6.0,6.051400000000002,5.635799999999991,6.467000000000013,5.457199999999955,6.645600000000049,5.2612000000000005,6.841600000000003,1.1884000000000938,True
640,5.0,5.017399999999964,4.601799999999953,5.432999999999975,4.423199999999917,5.611600000000011,4.2271999999999625,5.807599999999965,1.1884000000000938,True
641,6.9,7.009257142857094,6.593657142857083,7.424857142857105,6.415057142857047,7.603457142857141,6.219057142857093,7.799457142857095,1.1884000000000938,True
642,8.0,8.040800000000006,7.625199999999995,8.456400000000016,7.446599999999959,8.635000000000053,7.250600000000005,8.831000000000007,1.1884000000000938,True
643,5.6,5.53940000000002,5.123800000000009,5.955000000000031,4.945199999999973,6.133600000000067,4.749200000000019,6.329600000000021,1.1884000000000938,True
644,4.9,5.074600000000006,4.658999999999995,5.4902000000000175,4.4803999999999595,5.668800000000053,4.284400000000005,5.864800000000008,1.1884000000000938,True
645,6.0,6.224199999999966,5.808599999999955,6.639799999999977,5.629999999999919,6.818400000000013,5.433999999999965,7.014399999999967,1.1884000000000938,True
646,7.5,7.6619999999999875,7.246399999999976,8.077599999999999,7.067799999999941,8.256200000000035,6.871799999999986,8.452199999999989,1.1884000000000947,True
647,6.0,6.104200000000023,5.688600000000012,6.519800000000034,5.509999999999976,6.69840000000007,5.314000000000021,6.894400000000024,1.1884000000000938,True
648,6.7,6.936400000000017,6.520800000000006,7.352000000000028,6.34219999999997,7.530600000000064,6.146200000000015,7.726600000000018,1.1884000000000938,True
649,7.7,7.834199999999952,7.418599999999941,8.249799999999963,7.239999999999905,8.4284,7.043999999999951,8.624399999999953,1.1884000000000947,True
650,6.9,6.817799999999973,6.402199999999962,7.2333999999999845,6.2235999999999265,7.41200000000002,6.027599999999972,7.607999999999975,1.1884000000000938,True
651,8.0,7.973999999999992,7.558399999999981,8.389600000000003,7.379799999999945,8.56820000000004,7.183799999999991,8.764199999999994,1.1884000000000947,True
652,5.7,5.800200000000015,5.384600000000004,6.215800000000026,5.205999999999968,6.394400000000062,5.010000000000014,6.590400000000017,1.1884000000000938,True
653,5.9,6.002399999999999,5.586799999999988,6.41800000000001,5.408199999999952,6.596600000000046,5.2121999999999975,6.7926,1.1884000000000938,True
654,7.0,7.060857142857095,6.645257142857084,7.4764571428571065,6.4666571428570485,7.655057142857142,6.270657142857094,7.851057142857097,1.1884000000000938,True
655,6.0,5.866000000000039,5.450400000000028,6.28160000000005,5.271799999999992,6.460200000000086,5.075800000000037,6.65620000000004,1.1884000000000938,True
656,4.9,4.782199999999999,4.366599999999988,5.19780000000001,4.187999999999952,5.376400000000046,3.9919999999999973,5.5724,1.1884000000000938,True
657,7.0,6.828200000000045,6.412600000000034,7.243800000000056,6.233999999999998,7.422400000000092,6.038000000000044,7.6184000000000465,1.1884000000000938,True
658,8.5,8.535399999999957,8.119799999999945,8.950999999999969,7.94119999999991,9.129600000000003,7.745199999999955,9.325599999999959,1.1884000000000938,True
659,7.0,6.7055999999999685,6.289999999999957,7.1211999999999795,6.111399999999922,7.299800000000015,5.915399999999967,7.49579999999997,1.1884000000000938,True
660,8.5,8.46819999999997,8.05259999999996,8.88379999999998,7.873999999999922,9.062400000000016,7.677999999999968,9.25839999999997,1.1884000000000938,True
661,6.3,6.258999999999969,5.843399999999958,6.67459999999998,5.664799999999922,6.853200000000016,5.468799999999968,7.049199999999971,1.1884000000000938,True
662,8.6,8.900799999999998,8.485199999999988,9.316400000000009,8.306599999999952,9.495000000000045,8.110599999999998,9.690999999999999,1.1884000000000938,True
663,8.2,8.286000000000058,7.870400000000047,8.70160000000007,7.691800000000011,8.880200000000105,7.495800000000057,9.07620000000006,1.1884000000000938,True
664,6.1,5.945399999999998,5.5297999999999865,6.361000000000009,5.351199999999951,6.5396000000000445,5.155199999999996,6.735599999999999,1.1884000000000938,True
665,5.0,5.2793999999999945,4.8637999999999835,5.695000000000006,4.685199999999948,5.8736000000000415,4.489199999999993,6.069599999999996,1.1884000000000938,True
666,7.0,7.110799999999958,6.6951999999999465,7.526399999999969,6.516599999999911,7.7050000000000045,6.320599999999956,7.900999999999959,1.1884000000000938,True
667,8.8,8.6275333333334,8.211933333333388,9.043133333333412,8.033333333333353,9.221733333333447,7.837333333333398,9.417733333333402,1.1884000000000938,True
668,4.3,4.313399999999975,3.8977999999999637,4.728999999999986,3.719199999999928,4.907600000000022,3.5231999999999735,5.103599999999976,1.1884000000000938,True
669,6.2,5.999399999999999,5.583799999999988,6.41500000000001,5.405199999999952,6.593600000000046,5.209199999999997,6.7896,1.1884000000000938,True
670,7.7,7.80179999999996,7.386199999999949,8.217399999999971,7.207599999999913,8.396000000000008,7.011599999999959,8.591999999999961,1.1884000000000947,True
671,7.0,6.491799999999994,6.076199999999983,6.907400000000005,5.897599999999947,7.086000000000041,5.701599999999993,7.281999999999996,1.1884000000000938,True
672,6.0,5.716199999999997,5.300599999999986,6.131800000000008,5.12199999999995,6.310400000000044,4.925999999999996,6.506399999999998,1.1884000000000938,True
673,6.3,6.197000000000023,5.781400000000012,6.612600000000034,5.602799999999976,6.79120000000007,5.406800000000022,6.9872000000000245,1.1884000000000938,True
674,7.1,6.817800000000051,6.40220000000004,7.233400000000062,6.223600000000004,7.412000000000098,6.027600000000049,7.608000000000052,1.1884000000000938,True
675,5.6,5.264000000000026,4.848400000000015,5.679600000000037,4.669799999999979,5.858200000000073,4.473800000000025,6.054200000000027,1.1884000000000938,True
676,6.0,5.505599999999999,5.089999999999988,5.9212000000000105,4.9113999999999525,6.099800000000046,4.715399999999998,6.295800000000001,1.1884000000000938,True
677,9.2,8.735600000000007,8.319999999999997,9.151200000000017,8.14139999999996,9.329800000000054,7.945400000000006,9.525800000000007,1.1884000000000938,True
678,6.0,6.004200000000017,5.588600000000006,6.419800000000028,5.40999999999997,6.598400000000064,5.2140000000000155,6.794400000000018,1.1884000000000938,True
679,5.7,5.867200000000012,5.451600000000001,6.282800000000023,5.272999999999965,6.461400000000059,5.077000000000011,6.657400000000013,1.1884000000000938,True
680,6.9,6.181800000000007,5.766199999999996,6.597400000000018,5.58759999999996,6.776000000000054,5.391600000000006,6.972000000000008,1.1884000000000938,False
681,7.4,7.451199999999985,7.035599999999974,7.866799999999996,6.856999999999938,8.045400000000033,6.660999999999984,8.241399999999986,1.1884000000000947,True
682,4.8,4.908200000000014,4.492600000000003,5.323800000000025,4.313999999999967,5.502400000000061,4.118000000000013,5.6984000000000155,1.1884000000000938,True
683,4.8,4.960799999999997,4.545199999999986,5.376400000000008,4.36659999999995,5.555000000000044,4.170599999999996,5.750999999999999,1.1884000000000938,True
684,4.0,4.5437999999999965,4.128199999999985,4.959400000000008,3.9495999999999496,5.138000000000043,3.753599999999995,5.333999999999998,1.1884000000000938,True
685,7.0,7.885199999999993,7.469599999999982,8.300800000000004,7.290999999999946,8.479400000000041,7.094999999999992,8.675399999999994,1.1884000000000947,False
686,7.1,7.174599999999987,6.758999999999976,7.5901999999999985,6.5803999999999405,7.768800000000034,6.384399999999986,7.964799999999989,1.1884000000000938,True
687,4.8,5.168800000000012,4.7532000000000005,5.584400000000023,4.574599999999965,5.7630000000000585,4.37860000000001,5.959000000000013,1.1884000000000938,True
688,5.2,5.21860000000001,4.802999999999999,5.634200000000021,4.624399999999963,5.812800000000057,4.428400000000009,6.0088000000000115,1.1884000000000938,True
689,6.8,7.067199999999998,6.651599999999987,7.482800000000009,6.472999999999951,7.661400000000045,6.276999999999997,7.857399999999999,1.1884000000000938,True
690,4.7,5.856199999999998,5.440599999999987,6.271800000000009,5.261999999999951,6.4504000000000445,5.065999999999996,6.646399999999999,1.1884000000000938,False
691,7.0,6.7288000000000014,6.31319999999999,7.1444000000000125,6.1345999999999545,7.323000000000048,5.9386,7.519000000000003,1.1884000000000938,True
692,6.4,5.8977333333333295,5.482133333333318,6.313333333333341,5.303533333333283,6.491933333333376,5.107533333333328,6.687933333333331,1.1884000000000938,True
693,4.6,4.77479999999999,4.359199999999979,5.190400000000001,4.180599999999943,5.369000000000037,3.984599999999989,5.5649999999999915,1.1884000000000938,True
694,4.1,4.034200000000023,3.6186000000000123,4.449800000000034,3.4399999999999764,4.62840000000007,3.244000000000022,4.824400000000025,1.1884000000000938,True
695,7.9,7.936400000000002,7.520799999999991,8.352000000000013,7.342199999999955,8.53060000000005,7.1462,8.726600000000003,1.1884000000000947,True
696,4.6,4.4782000000000135,4.062600000000002,4.893800000000025,3.8839999999999666,5.07240000000006,3.688000000000012,5.268400000000015,1.1884000000000938,True
697,9.0,8.985199999999974,8.569599999999962,9.400799999999986,8.390999999999927,9.579400000000021,8.194999999999972,9.775399999999976,1.1884000000000938,True
698,5.2,5.0215999999999985,4.605999999999987,5.43720000000001,4.427399999999952,5.615800000000045,4.231399999999997,5.8118,1.1884000000000938,True
699,6.2,5.559199999999997,5.143599999999986,5.974800000000008,4.96499999999995,6.153400000000044,4.768999999999996,6.349399999999998,1.1884000000000938,False
700,6.3,6.325600000000003,5.909999999999992,6.741200000000014,5.731399999999956,6.91980000000005,5.535400000000002,7.115800000000005,1.1884000000000938,True
701,6.8,6.9541999999999975,6.538599999999986,7.369800000000009,6.359999999999951,7.548400000000044,6.163999999999996,7.744399999999999,1.1884000000000938,True
702,6.2,6.254299999999987,5.838699999999976,6.669899999999998,5.66009999999994,6.848500000000034,5.464099999999986,7.044499999999989,1.1884000000000938,True
703,6.0,6.049799999999977,5.634199999999966,6.465399999999988,5.45559999999993,6.644000000000024,5.259599999999976,6.8399999999999785,1.1884000000000938,True
704,7.0,6.647300000000001,6.23169999999999,7.062900000000012,6.053099999999954,7.241500000000048,5.8571,7.437500000000003,1.1884000000000938,True
705,8.5,8.31380000000004,7.8982000000000285,8.729400000000052,7.719599999999993,8.908000000000087,7.523600000000038,9.104000000000042,1.1884000000000938,True
706,8.0,8.038857142857083,7.623257142857072,8.454457142857095,7.444657142857036,8.63305714285713,7.248657142857081,8.829057142857085,1.1884000000000938,True
707,7.1,7.256799999999947,6.841199999999936,7.672399999999958,6.6625999999999,7.850999999999994,6.4665999999999455,8.046999999999947,1.1884000000000938,True
708,5.7,6.187600000000004,5.771999999999993,6.603200000000015,5.593399999999957,6.781800000000051,5.397400000000003,6.9778000000000056,1.1884000000000938,True
709,6.0,5.7167999999999815,5.30119999999997,6.1323999999999925,5.1225999999999345,6.311000000000028,4.92659999999998,6.506999999999983,1.1884000000000938,True
710,8.5,8.031599999999953,7.615999999999942,8.447199999999963,7.437399999999906,8.6258,7.241399999999952,8.821799999999953,1.1884000000000938,True
711,5.8,5.690999999999975,5.275399999999964,6.106599999999986,5.096799999999928,6.285200000000022,4.900799999999974,6.481199999999976,1.1884000000000938,True
712,6.6,6.2931999999999695,5.877599999999958,6.708799999999981,5.698999999999923,6.887400000000016,5.502999999999968,7.083399999999971,1.1884000000000938,True
713,6.8,6.890000000000027,6.474400000000016,7.305600000000038,6.29579999999998,7.484200000000074,6.099800000000026,7.680200000000029,1.1884000000000938,True
714,4.9,5.08040000000001,4.664799999999999,5.496000000000021,4.486199999999963,5.674600000000057,4.2902000000000085,5.870600000000011,1.1884000000000938,True
715,6.0,5.7632000000000225,5.3476000000000115,6.178800000000034,5.168999999999976,6.357400000000069,4.973000000000021,6.553400000000024,1.1884000000000938,True
716,6.0,5.671200000000013,5.255600000000002,6.086800000000024,5.076999999999966,6.26540000000006,4.881000000000012,6.4614000000000145,1.1884000000000938,True
717,7.5,7.567599999999962,7.151999999999951,7.983199999999973,6.973399999999915,8.16180000000001,6.777399999999961,8.357799999999964,1.1884000000000947,True
718,4.8,5.133799999999991,4.71819999999998,5.549400000000002,4.539599999999944,5.728000000000038,4.34359999999999,5.923999999999992,1.1884000000000938,True
719,7.4,7.076600000000003,6.660999999999992,7.492200000000014,6.482399999999956,7.67080000000005,6.286400000000001,7.866800000000004,1.1884000000000938,True
720,5.4,5.073,4.657399999999989,5.4886000000000115,4.4787999999999535,5.667200000000047,4.282799999999999,5.863200000000002,1.1884000000000938,True
721,5.7,5.802400000000044,5.386800000000033,6.218000000000055,5.208199999999997,6.396600000000091,5.012200000000043,6.592600000000045,1.1884000000000938,True
722,7.9,8.05459999999997,7.638999999999959,8.47019999999998,7.4603999999999235,8.648800000000017,7.264399999999969,8.844799999999971,1.1884000000000938,True
723,7.6,7.678199999999994,7.262599999999983,8.093800000000005,7.083999999999947,8.27240000000004,6.887999999999993,8.468399999999995,1.188400000000093,True
724,8.3,7.8997999999999955,7.484199999999984,8.315400000000007,7.305599999999949,8.494000000000042,7.109599999999994,8.689999999999998,1.1884000000000938,True
725,5.0,4.942199999999999,4.526599999999988,5.35780000000001,4.347999999999952,5.536400000000046,4.1519999999999975,5.7324,1.1884000000000938,True
726,6.8,6.961199999999998,6.545599999999987,7.376800000000009,6.366999999999951,7.555400000000045,6.170999999999997,7.751399999999999,1.1884000000000938,True
727,7.2,7.447399999999994,7.031799999999983,7.863000000000005,6.853199999999947,8.041600000000042,6.6571999999999925,8.237599999999995,1.1884000000000947,True
728,8.4,7.998000000000018,7.582400000000007,8.413600000000029,7.403799999999971,8.592200000000066,7.207800000000017,8.78820000000002,1.1884000000000947,True
729,7.0,6.683799999999982,6.268199999999971,7.099399999999993,6.089599999999935,7.278000000000029,5.893599999999981,7.473999999999983,1.1884000000000938,True
730,4.2,4.393800000000003,3.978199999999992,4.809400000000014,3.7995999999999563,4.98800000000005,3.603600000000002,5.184000000000005,1.1884000000000938,True
731,5.2,4.736600000000005,4.3209999999999935,5.152200000000016,4.142399999999958,5.3308000000000515,3.9464000000000032,5.526800000000006,1.1884000000000938,True
732,7.9,7.952600000000001,7.53699999999999,8.368200000000012,7.358399999999954,8.546800000000047,7.1624,8.742800000000003,1.188400000000093,True
733,8.5,8.395599999999957,7.979999999999946,8.811199999999968,7.80139999999991,8.989800000000004,7.605399999999956,9.185799999999958,1.1884000000000938,True
734,7.2,7.249599999999984,6.833999999999973,7.665199999999995,6.655399999999937,7.843800000000031,6.459399999999983,8.039799999999985,1.1884000000000938,True
735,8.0,7.877000000000014,7.461400000000003,8.292600000000025,7.282799999999967,8.47120000000006,7.086800000000013,8.667200000000015,1.188400000000093,True
736,7.6,7.8318000000000545,7.416200000000043,8.247400000000066,7.237600000000008,8.426000000000101,7.041600000000053,8.622000000000057,1.1884000000000938,True
737,5.9,5.9370000000000385,5.521400000000027,6.3526000000000495,5.3427999999999916,6.531200000000085,5.146800000000037,6.72720000000004,1.1884000000000938,True
738,4.0,5.210199999999982,4.794599999999971,5.625799999999993,4.615999999999935,5.804400000000029,4.41999999999998,6.000399999999983,1.1884000000000938,False
739,7.9,7.225100000000003,6.809499999999992,7.640700000000014,6.630899999999956,7.81930000000005,6.434900000000002,8.015300000000003,1.1884000000000938,False
740,7.0,7.236400000000038,6.820800000000027,7.652000000000049,6.642199999999991,7.830600000000085,6.446200000000037,8.02660000000004,1.1884000000000938,True
741,8.3,7.533800000000036,7.118200000000025,7.949400000000047,6.939599999999989,8.128000000000082,6.7436000000000345,8.324000000000037,1.188400000000093,False
742,9.0,8.7891333333334,8.373533333333388,9.204733333333412,8.194933333333353,9.383333333333447,7.998933333333398,9.579333333333402,1.1884000000000938,True
743,5.5,5.335399999999996,4.919799999999985,5.751000000000007,4.7411999999999495,5.929600000000043,4.545199999999995,6.125599999999998,1.1884000000000938,True
744,5.2,5.775600000000022,5.360000000000011,6.191200000000033,5.181399999999975,6.369800000000069,4.985400000000021,6.565800000000023,1.1884000000000938,True
745,6.4,6.082200000000035,5.666600000000024,6.497800000000046,5.487999999999988,6.676400000000082,5.292000000000034,6.872400000000036,1.1884000000000938,True
746,6.4,6.1401999999999735,5.724599999999962,6.5557999999999845,5.5459999999999265,6.73440000000002,5.349999999999972,6.930399999999975,1.1884000000000938,True
747,4.3,4.447000000000035,4.031400000000024,4.862600000000046,3.852799999999988,5.041200000000082,3.6568000000000334,5.237200000000036,1.1884000000000938,True
748,3.8,4.163199999999973,3.747599999999962,4.578799999999984,3.5689999999999262,4.75740000000002,3.372999999999972,4.9533999999999745,1.1884000000000938,True
749,4.3,4.271399999999988,3.8557999999999772,4.686999999999999,3.6771999999999414,4.865600000000035,3.481199999999987,5.06159999999999,1.1884000000000938,True
750,5.0,5.138799999999985,4.723199999999974,5.554399999999996,4.544599999999938,5.733000000000032,4.348599999999983,5.928999999999986,1.1884000000000938,True
751,7.0,7.043199999999965,6.627599999999954,7.458799999999976,6.448999999999918,7.637400000000012,6.252999999999964,7.833399999999966,1.1884000000000938,True
752,6.4,6.254399999999991,5.83879999999998,6.670000000000002,5.660199999999944,6.8486000000000375,5.464199999999989,7.044599999999992,1.1884000000000938,True
753,5.0,5.073733333333335,4.658133333333324,5.489333333333346,4.479533333333288,5.667933333333382,4.283533333333334,5.863933333333336,1.1884000000000938,True
754,6.0,5.7430000000000145,5.3274000000000035,6.158600000000026,5.148799999999968,6.3372000000000615,4.952800000000013,6.533200000000016,1.1884000000000938,True
755,5.9,6.013000000000017,5.597400000000006,6.428600000000028,5.41879999999997,6.607200000000064,5.222800000000015,6.803200000000018,1.1884000000000938,True
756,4.8,4.861399999999972,4.445799999999961,5.276999999999983,4.267199999999925,5.455600000000019,4.071199999999971,5.6515999999999735,1.1884000000000938,True
757,5.1,5.3599333333333155,4.944333333333304,5.7755333333333265,4.7657333333332685,5.954133333333362,4.569733333333314,6.150133333333317,1.1884000000000938,True
758,4.6,4.7437999999999985,4.328199999999987,5.1594000000000095,4.1495999999999515,5.338000000000045,3.953599999999997,5.534,1.1884000000000938,True
759,4.8,5.6362000000000005,5.2205999999999895,6.051800000000012,5.041999999999954,6.2304000000000475,4.845999999999999,6.426400000000002,1.1884000000000938,False
760,6.3,6.651600000000018,6.236000000000007,7.067200000000029,6.057399999999971,7.245800000000065,5.861400000000017,7.441800000000019,1.1884000000000938,True
761,4.9,4.458400000000024,4.042800000000013,4.874000000000035,3.864199999999977,5.052600000000071,3.6682000000000228,5.2486000000000255,1.1884000000000938,True
762,5.3,5.079600000000007,4.663999999999996,5.495200000000018,4.48539999999996,5.673800000000054,4.289400000000006,5.869800000000009,1.1884000000000938,True
763,6.9,6.56720000000002,6.151600000000009,6.982800000000031,5.972999999999973,7.161400000000067,5.777000000000019,7.3574000000000215,1.1884000000000938,True
764,6.1,6.094000000000004,5.678399999999993,6.509600000000015,5.499799999999957,6.688200000000051,5.3038000000000025,6.884200000000005,1.1884000000000938,True
765,8.0,7.555599999999998,7.139999999999987,7.971200000000009,6.961399999999951,8.149800000000045,6.765399999999997,8.3458,1.1884000000000938,True
766,5.8,6.148800000000021,5.73320000000001,6.564400000000032,5.554599999999974,6.743000000000068,5.35860000000002,6.939000000000022,1.1884000000000938,True
767,4.0,4.968199999999998,4.552599999999987,5.383800000000009,4.373999999999951,5.562400000000045,4.177999999999996,5.758399999999999,1.1884000000000938,False
768,7.0,7.146399999999949,6.730799999999938,7.56199999999996,6.552199999999902,7.740599999999996,6.356199999999948,7.936599999999951,1.1884000000000938,True
769,5.0,5.2776000000000325,4.862000000000021,5.693200000000044,4.683399999999986,5.871800000000079,4.487400000000031,6.067800000000034,1.1884000000000938,True
770,4.2,4.677200000000006,4.261599999999995,5.092800000000017,4.082999999999959,5.271400000000053,3.887000000000005,5.467400000000008,1.1884000000000938,True
771,6.7,6.8345999999999885,6.418999999999977,7.2501999999999995,6.2403999999999415,7.428800000000035,6.044399999999987,7.62479999999999,1.1884000000000938,True
772,3.9,4.214799999999969,3.799199999999958,4.63039999999998,3.6205999999999223,4.809000000000016,3.424599999999968,5.004999999999971,1.1884000000000938,True
773,8.0,8.041733333333363,7.626133333333352,8.457333333333374,7.4475333333333165,8.63593333333341,7.251533333333362,8.831933333333364,1.1884000000000938,True
774,7.0,6.815400000000004,6.399799999999993,7.231000000000015,6.221199999999957,7.409600000000051,6.0252000000000026,7.605600000000005,1.1884000000000938,True
775,5.0,5.091399999999992,4.675799999999981,5.507000000000003,4.497199999999945,5.685600000000039,4.301199999999991,5.8815999999999935,1.1884000000000938,True
776,7.0,6.699999999999949,6.284399999999938,7.11559999999996,6.105799999999902,7.294199999999996,5.909799999999947,7.49019999999995,1.1884000000000938,True
777,8.0,7.7210000000000365,7.305400000000025,8.136600000000048,7.12679999999999,8.315200000000083,6.930800000000035,8.511200000000038,1.188400000000093,True
778,5.2,5.432200000000004,5.016599999999993,5.847800000000015,4.8379999999999574,6.026400000000051,4.642000000000003,6.222400000000006,1.1884000000000938,True
779,6.0,6.060100000000009,5.644499999999998,6.47570000000002,5.465899999999962,6.654300000000056,5.269900000000008,6.8503000000000105,1.1884000000000938,True
780,6.6,6.69179999999995,6.276199999999939,7.107399999999961,6.097599999999903,7.285999999999997,5.901599999999949,7.481999999999951,1.1884000000000938,True
781,6.0,5.992199999999986,5.576599999999975,6.407799999999997,5.397999999999939,6.586400000000033,5.201999999999985,6.7823999999999875,1.1884000000000938,True
782,4.0,4.662400000000012,4.246800000000001,5.078000000000023,4.068199999999965,5.256600000000059,3.872200000000011,5.452600000000014,1.1884000000000938,False
783,8.4,7.953799999999963,7.538199999999952,8.369399999999974,7.359599999999916,8.548000000000009,7.1635999999999616,8.743999999999964,1.188400000000093,True
784,5.2,5.538599999999995,5.122999999999984,5.954200000000006,4.944399999999948,6.132800000000042,4.748399999999994,6.328799999999997,1.1884000000000938,True
785,7.9,7.8892,7.473599999999989,8.30480000000001,7.294999999999953,8.483400000000046,7.098999999999998,8.679400000000001,1.188400000000093,True
786,6.8,6.300600000000042,5.885000000000031,6.716200000000053,5.706399999999995,6.894800000000089,5.510400000000041,7.090800000000043,1.1884000000000938,True
787,7.8,7.983600000000001,7.56799999999999,8.399200000000011,7.389399999999954,8.577800000000048,7.1934,8.773800000000001,1.1884000000000938,True
788,6.7,7.120600000000009,6.704999999999998,7.53620000000002,6.5263999999999625,7.714800000000056,6.330400000000008,7.910800000000011,1.1884000000000938,True
789,4.2,4.0915999999999935,3.6759999999999824,4.5072000000000045,3.4973999999999466,4.68580000000004,3.301399999999992,4.881799999999995,1.1884000000000938,True
790,4.2,4.352600000000013,3.937000000000002,4.768200000000024,3.758399999999966,4.94680000000006,3.562400000000012,5.1428000000000145,1.1884000000000938,True
791,7.1,6.81620000000003,6.4006000000000185,7.231800000000041,6.221999999999983,7.4104000000000765,6.026000000000028,7.606400000000031,1.1884000000000938,True
792,8.0,7.6737999999999476,7.2581999999999365,8.089399999999959,7.079599999999901,8.267999999999994,6.883599999999946,8.463999999999949,1.188400000000093,True
793,6.3,6.091600000000019,5.676000000000008,6.50720000000003,5.497399999999972,6.685800000000066,5.301400000000018,6.881800000000021,1.1884000000000938,True
794,7.0,7.282200000000018,6.866600000000007,7.697800000000029,6.687999999999971,7.876400000000065,6.492000000000017,8.07240000000002,1.1884000000000938,True
795,7.0,6.830800000000001,6.41519999999999,7.246400000000012,6.236599999999954,7.425000000000048,6.0405999999999995,7.621000000000002,1.1884000000000938,True
796,8.8,8.572000000000042,8.15640000000003,8.987600000000054,7.977799999999995,9.166200000000089,7.7818000000000405,9.362200000000044,1.1884000000000938,True
797,6.2,6.145199999999959,5.729599999999948,6.56079999999997,5.550999999999912,6.739400000000006,5.354999999999958,6.9353999999999605,1.1884000000000938,True
798,8.9,8.512599999999955,8.096999999999944,8.928199999999965,7.918399999999908,9.106800000000002,7.722399999999953,9.302799999999955,1.1884000000000938,True
799,8.5,8.255200000000043,7.839600000000032,8.670800000000053,7.660999999999996,8.84940000000009,7.465000000000042,9.045400000000043,1.1884000000000938,True
800,8.3,7.80880000000003,7.393200000000019,8.224400000000042,7.214599999999983,8.403000000000077,7.018600000000029,8.599000000000032,1.1884000000000938,True
801,7.8,7.478600000000004,7.062999999999993,7.894200000000015,6.884399999999957,8.07280000000005,6.688400000000002,8.268800000000006,1.1884000000000938,True
802,5.8,5.52360000000003,5.108000000000019,5.939200000000041,4.929399999999983,6.117800000000077,4.733400000000029,6.313800000000032,1.1884000000000938,True
803,6.0,5.968000000000002,5.552399999999991,6.383600000000013,5.373799999999955,6.562200000000049,5.1778,6.758200000000003,1.1884000000000938,True
804,5.0,5.0551999999999975,4.639599999999986,5.4708000000000085,4.460999999999951,5.649400000000044,4.264999999999996,5.845399999999999,1.1884000000000938,True
805,7.0,7.024149999999954,6.608549999999943,7.4397499999999654,6.4299499999999075,7.618350000000001,6.233949999999953,7.814349999999956,1.1884000000000938,True
806,7.0,6.94520000000001,6.5295999999999985,7.360800000000021,6.350999999999963,7.5394000000000565,6.155000000000008,7.735400000000011,1.1884000000000938,True
807,7.6,7.653600000000011,7.2379999999999995,8.069200000000022,7.059399999999964,8.247800000000058,6.863400000000009,8.443800000000012,1.1884000000000947,True
808,4.1,4.550000000000002,4.1343999999999905,4.965600000000013,3.9557999999999547,5.1442000000000485,3.7598000000000003,5.340200000000003,1.1884000000000938,True
809,7.7,7.7024000000000346,7.2868000000000235,8.118000000000045,7.108199999999988,8.296600000000081,6.912200000000033,8.492600000000035,1.1884000000000938,True
810,5.1,5.1507999999999905,4.735199999999979,5.566400000000002,4.556599999999944,5.745000000000037,4.360599999999989,5.940999999999992,1.1884000000000938,True
811,5.2,4.815599999999982,4.399999999999971,5.231199999999993,4.221399999999935,5.409800000000029,4.025399999999981,5.6057999999999835,1.1884000000000938,True
812,5.6,5.979199999999972,5.563599999999961,6.394799999999983,5.384999999999925,6.573400000000019,5.188999999999971,6.769399999999973,1.1884000000000938,True
813,5.0,5.135400000000011,4.7198,5.551000000000022,4.541199999999964,5.729600000000058,4.34520000000001,5.925600000000013,1.1884000000000938,True
814,6.4,6.0793999999999775,5.663799999999966,6.494999999999989,5.485199999999931,6.673600000000024,5.289199999999976,6.869599999999979,1.1884000000000938,True
815,5.9,5.920599999999999,5.504999999999988,6.3362000000000105,5.3263999999999525,6.514800000000046,5.130399999999998,6.710800000000001,1.1884000000000938,True
816,8.9,8.07460000000004,7.659000000000028,8.490200000000051,7.480399999999992,8.668800000000086,7.284400000000038,8.864800000000042,1.1884000000000938,False
817,6.0,5.895599999999982,5.479999999999971,6.311199999999993,5.301399999999935,6.489800000000029,5.105399999999981,6.6857999999999835,1.1884000000000938,True
818,8.5,8.4032,7.987599999999989,8.81880000000001,7.808999999999953,8.997400000000047,7.612999999999999,9.1934,1.1884000000000938,True
819,4.9,5.031199999999999,4.615599999999988,5.44680000000001,4.436999999999952,5.625400000000046,4.240999999999998,5.821400000000001,1.1884000000000938,True
820,5.5,5.11,4.694399999999989,5.525600000000011,4.515799999999953,5.704200000000047,4.319799999999999,5.900200000000002,1.1884000000000938,True
821,4.8,4.893600000000005,4.4779999999999935,5.309200000000016,4.299399999999958,5.4878000000000515,4.103400000000003,5.683800000000006,1.1884000000000938,True
822,5.8,6.004600000000002,5.588999999999991,6.420200000000013,5.410399999999955,6.598800000000049,5.2144,6.794800000000003,1.1884000000000938,True
823,7.0,6.95300000000001,6.537399999999999,7.368600000000021,6.358799999999963,7.547200000000057,6.162800000000009,7.743200000000011,1.1884000000000938,True
824,8.8,8.017333333333326,7.601733333333315,8.432933333333338,7.423133333333279,8.611533333333373,7.227133333333325,8.807533333333328,1.1884000000000938,False
825,7.2,7.0801999999999765,6.664599999999965,7.495799999999988,6.48599999999993,7.674400000000023,6.289999999999975,7.870399999999978,1.1884000000000938,True
826,7.0,6.9986000000000335,6.583000000000022,7.4142000000000445,6.4043999999999865,7.59280000000008,6.208400000000032,7.788800000000035,1.1884000000000938,True
827,6.0,5.826399999999998,5.410799999999987,6.242000000000009,5.232199999999951,6.420600000000045,5.0361999999999965,6.616599999999999,1.1884000000000938,True
828,4.6,4.648199999999999,4.232599999999988,5.06380000000001,4.053999999999952,5.242400000000046,3.857999999999998,5.438400000000001,1.1884000000000938,True
829,9.0,8.730199999999991,8.314599999999981,9.145800000000001,8.135999999999944,9.324400000000038,7.93999999999999,9.520399999999992,1.1884000000000938,True
830,7.7,7.833933333333357,7.418333333333346,8.249533333333368,7.2397333333333105,8.428133333333404,7.043733333333356,8.624133333333358,1.1884000000000938,True
831,5.0,4.756599999999971,4.34099999999996,5.172199999999982,4.162399999999924,5.350800000000018,3.96639999999997,5.546799999999973,1.1884000000000938,True
832,6.9,6.631733333333326,6.216133333333315,7.047333333333337,6.037533333333279,7.225933333333373,5.841533333333325,7.421933333333327,1.1884000000000938,True
833,7.0,6.720200000000013,6.3046000000000015,7.135800000000024,6.125999999999966,7.3144000000000595,5.930000000000011,7.510400000000014,1.1884000000000938,True
834,6.9,6.8088,6.393199999999989,7.224400000000011,6.214599999999953,7.403000000000047,6.018599999999998,7.599000000000001,1.1884000000000938,True
835,6.0,6.227600000000019,5.812000000000008,6.64320000000003,5.633399999999972,6.821800000000066,5.437400000000018,7.017800000000021,1.1884000000000938,True
836,8.2,8.009000000000013,7.593400000000002,8.424600000000023,7.414799999999966,8.60320000000006,7.218800000000011,8.799200000000013,1.1884000000000938,True
837,5.9,5.792800000000014,5.377200000000003,6.208400000000025,5.198599999999967,6.387000000000061,5.002600000000013,6.583000000000015,1.1884000000000938,True
838,5.8,5.955799999999989,5.540199999999978,6.3714,5.361599999999942,6.550000000000036,5.165599999999988,6.745999999999991,1.1884000000000938,True
839,7.2,7.110799999999986,6.695199999999975,7.526399999999997,6.516599999999939,7.705000000000033,6.320599999999985,7.900999999999987,1.1884000000000938,True
840,8.0,7.9554000000000125,7.539800000000001,8.371000000000024,7.3611999999999655,8.549600000000058,7.165200000000011,8.745600000000014,1.188400000000093,True
841,7.0,7.641999999999986,7.226399999999975,8.057599999999997,7.047799999999939,8.236200000000032,6.851799999999985,8.432199999999987,1.188400000000093,False
842,6.8,6.843400000000022,6.427800000000011,7.259000000000033,6.249199999999975,7.437600000000069,6.053200000000021,7.6336000000000235,1.1884000000000938,True
843,8.2,8.209599999999941,7.79399999999993,8.625199999999953,7.6153999999998945,8.803799999999988,7.41939999999994,8.999799999999944,1.1884000000000938,True
844,7.4,7.030999999999987,6.615399999999976,7.446599999999998,6.43679999999994,7.625200000000034,6.240799999999986,7.821199999999989,1.1884000000000938,True
845,5.1,5.527400000000001,5.11179999999999,5.943000000000012,4.933199999999954,6.121600000000048,4.7372,6.317600000000002,1.1884000000000938,True
846,5.9,5.335999999999999,4.920399999999988,5.7516000000000105,4.7417999999999525,5.930200000000046,4.545799999999998,6.126200000000001,1.1884000000000938,True
847,5.0,5.011400000000004,4.595799999999993,5.427000000000015,4.417199999999957,5.6056000000000505,4.221200000000002,5.801600000000005,1.1884000000000938,True
848,6.5,6.529000000000008,6.113399999999997,6.944600000000019,5.934799999999961,7.123200000000055,5.738800000000007,7.319200000000009,1.1884000000000938,True
849,6.0,6.030599999999983,5.614999999999972,6.446199999999994,5.436399999999936,6.62480000000003,5.2403999999999815,6.820799999999984,1.1884000000000938,True
850,5.4,4.716399999999998,4.300799999999987,5.132000000000009,4.1221999999999515,5.310600000000045,3.926199999999997,5.5066,1.1884000000000938,False
851,8.7,8.0512,7.635599999999989,8.46680000000001,7.456999999999953,8.645400000000047,7.260999999999998,8.8414,1.1884000000000938,False
852,7.9,7.714200000000016,7.298600000000005,8.129800000000028,7.119999999999969,8.308400000000063,6.924000000000015,8.504400000000018,1.1884000000000938,True
853,4.1,4.409000000000013,3.993400000000002,4.824600000000024,3.814799999999966,5.00320000000006,3.618800000000012,5.1992000000000145,1.1884000000000938,True
854,5.7,5.6170000000000115,5.2014000000000005,6.032600000000023,5.022799999999965,6.2112000000000585,4.82680000000001,6.407200000000013,1.1884000000000938,True
855,9.1,8.71240000000003,8.296800000000019,9.128000000000043,8.118199999999984,9.306600000000078,7.922200000000029,9.502600000000033,1.1884000000000938,True
856,5.1,5.797199999999993,5.381599999999982,6.212800000000004,5.202999999999946,6.39140000000004,5.006999999999992,6.587399999999994,1.1884000000000938,False
857,5.8,6.007799999999995,5.592199999999984,6.423400000000006,5.413599999999948,6.602000000000042,5.217599999999994,6.7979999999999965,1.1884000000000938,True
858,5.6,5.459399999999967,5.043799999999956,5.874999999999978,4.86519999999992,6.053600000000014,4.669199999999965,6.249599999999968,1.1884000000000938,True
859,7.1,6.879199999999993,6.463599999999982,7.294800000000004,6.284999999999946,7.47340000000004,6.0889999999999915,7.669399999999994,1.1884000000000938,True
860,6.5,6.478999999999991,6.06339999999998,6.894600000000002,5.884799999999944,7.073200000000038,5.68879999999999,7.269199999999993,1.1884000000000938,True
861,6.0,5.9104000000000445,5.494800000000033,6.326000000000056,5.316199999999998,6.504600000000091,5.120200000000043,6.700600000000046,1.1884000000000938,True
862,8.3,8.207599999999932,7.791999999999921,8.623199999999944,7.613399999999885,8.801799999999979,7.4173999999999305,8.997799999999934,1.1884000000000938,True
863,5.0,4.893999999999998,4.478399999999987,5.309600000000009,4.299799999999951,5.488200000000045,4.103799999999997,5.6842,1.1884000000000938,True
864,4.2,4.457600000000035,4.042000000000024,4.873200000000046,3.863399999999988,5.051800000000082,3.6674000000000335,5.247800000000036,1.1884000000000938,True
865,4.2,4.533999999999993,4.118399999999982,4.949600000000004,3.939799999999946,5.12820000000004,3.7437999999999914,5.324199999999994,1.1884000000000938,True
866,8.7,8.22160000000003,7.80600000000002,8.637200000000043,7.627399999999984,8.815800000000078,7.431400000000029,9.011800000000033,1.1884000000000938,True
867,6.1,6.163000000000004,5.747399999999993,6.578600000000015,5.568799999999957,6.757200000000051,5.3728000000000025,6.953200000000005,1.1884000000000938,True
868,4.0,4.323799999999992,3.9081999999999812,4.739400000000003,3.7295999999999454,4.918000000000039,3.533599999999991,5.113999999999994,1.1884000000000938,True
869,6.5,6.591800000000011,6.1762,7.007400000000022,5.997599999999964,7.186000000000058,5.801600000000009,7.382000000000012,1.1884000000000938,True
870,8.9,8.590399999999942,8.17479999999993,9.005999999999954,7.996199999999895,9.184599999999989,7.800199999999941,9.380599999999944,1.1884000000000938,True
871,6.1,5.954400000000028,5.538800000000017,6.370000000000039,5.360199999999981,6.548600000000075,5.164200000000027,6.7446000000000295,1.1884000000000938,True
872,7.1,7.023399999999989,6.607799999999978,7.439,6.429199999999942,7.617600000000036,6.233199999999988,7.81359999999999,1.1884000000000938,True
873,8.0,7.738600000000029,7.323000000000018,8.15420000000004,7.144399999999982,8.332800000000077,6.948400000000028,8.52880000000003,1.1884000000000947,True
874,6.8,7.0582000000000145,6.642600000000003,7.4738000000000255,6.4639999999999675,7.652400000000061,6.268000000000013,7.848400000000016,1.1884000000000938,True
875,4.8,4.817999999999993,4.402399999999982,5.2336000000000045,4.2237999999999465,5.41220000000004,4.027799999999992,5.608199999999995,1.1884000000000938,True
876,5.0,4.931400000000006,4.515799999999995,5.347000000000017,4.337199999999959,5.525600000000053,4.141200000000005,5.721600000000008,1.1884000000000938,True
877,5.6,5.450599999999964,5.034999999999953,5.866199999999975,4.856399999999917,6.044800000000011,4.660399999999963,6.2407999999999655,1.1884000000000938,True
878,6.9,6.663,6.247399999999989,7.078600000000011,6.068799999999953,7.257200000000047,5.872799999999999,7.453200000000002,1.1884000000000938,True
879,6.3,6.540000000000042,6.124400000000031,6.955600000000053,5.945799999999995,7.134200000000089,5.74980000000004,7.330200000000043,1.1884000000000938,True
880,4.8,4.886400000000015,4.470800000000004,5.302000000000026,4.292199999999968,5.480600000000062,4.096200000000014,5.6766000000000165,1.1884000000000938,True
881,6.4,6.0186000000000055,5.602999999999994,6.434200000000017,5.424399999999959,6.612800000000052,5.228400000000004,6.808800000000007,1.1884000000000938,True
882,5.3,5.0269999999999975,4.611399999999986,5.4426000000000085,4.432799999999951,5.621200000000044,4.236799999999996,5.817199999999999,1.1884000000000938,True
883,5.0,5.065000000000003,4.649399999999992,5.480600000000014,4.470799999999956,5.65920000000005,4.274800000000002,5.855200000000004,1.1884000000000938,True
884,8.9,8.583400000000049,8.167800000000039,8.99900000000006,7.989200000000002,9.177600000000096,7.793200000000048,9.37360000000005,1.1884000000000938,True
885,5.2,5.4708,5.055199999999989,5.886400000000011,4.876599999999953,6.065000000000047,4.680599999999998,6.261000000000001,1.1884000000000938,True
886,5.1,4.819000000000009,4.403399999999998,5.23460000000002,4.224799999999962,5.413200000000056,4.0288000000000075,5.60920000000001,1.1884000000000938,True
887,8.1,7.876199999999997,7.460599999999986,8.29180000000001,7.28199999999995,8.470400000000044,7.085999999999996,8.6664,1.1884000000000938,True
888,5.9,6.614200000000003,6.198599999999992,7.029800000000014,6.019999999999956,7.20840000000005,5.824000000000002,7.404400000000004,1.1884000000000938,False
889,7.5,7.310099999999947,6.894499999999936,7.725699999999958,6.7158999999999,7.904299999999994,6.519899999999946,8.100299999999947,1.1884000000000938,True
890,4.7,4.580199999999979,4.164599999999968,4.99579999999999,3.9859999999999323,5.174400000000026,3.789999999999978,5.3703999999999805,1.1884000000000938,True
891,8.7,8.431800000000054,8.016200000000044,8.847400000000064,7.837600000000007,9.026000000000101,7.641600000000053,9.222000000000055,1.1884000000000938,True
892,4.4,4.983600000000023,4.568000000000012,5.399200000000034,4.389399999999976,5.57780000000007,4.193400000000022,5.7738000000000245,1.1884000000000938,True
893,6.1,6.209799999999999,5.794199999999988,6.62540000000001,5.615599999999952,6.804000000000046,5.419599999999997,7.0,1.1884000000000938,True
894,6.8,6.463900000000009,6.048299999999998,6.87950000000002,5.869699999999962,7.0581000000000556,5.673700000000007,7.25410000000001,1.1884000000000938,True
895,8.5,8.054733333333306,7.639133333333295,8.470333333333318,7.4605333333332595,8.648933333333353,7.264533333333305,8.844933333333309,1.1884000000000938,True
896,5.0,4.847800000000016,4.432200000000005,5.263400000000027,4.253599999999969,5.442000000000063,4.057600000000015,5.638000000000018,1.1884000000000938,True
897,7.2,7.134399999999995,6.718799999999984,7.550000000000006,6.540199999999948,7.728600000000042,6.344199999999994,7.924599999999996,1.1884000000000938,True
898,6.0,5.7592000000000025,5.3435999999999915,6.174800000000014,5.164999999999956,6.3534000000000495,4.969000000000001,6.549400000000004,1.1884000000000938,True
899,8.0,7.778600000000055,7.363000000000044,8.194200000000066,7.184400000000008,8.372800000000101,6.988400000000054,8.568800000000056,1.188400000000093,True
900,5.0,5.089999999999965,4.674399999999954,5.505599999999976,4.495799999999918,5.684200000000012,4.299799999999964,5.880199999999967,1.1884000000000938,True
901,7.2,7.478200000000054,7.062600000000043,7.893800000000065,6.8840000000000074,8.072400000000101,6.688000000000053,8.268400000000057,1.1884000000000938,True
902,6.7,6.594600000000038,6.179000000000027,7.010200000000049,6.000399999999991,7.188800000000085,5.804400000000037,7.384800000000039,1.1884000000000938,True
903,7.0,6.433599999999999,6.017999999999988,6.84920000000001,5.839399999999952,7.027800000000046,5.643399999999998,7.223800000000001,1.1884000000000938,True
904,6.8,6.731600000000034,6.316000000000023,7.147200000000045,6.137399999999987,7.325800000000081,5.941400000000033,7.521800000000035,1.1884000000000938,True
905,4.7,4.768399999999997,4.352799999999986,5.184000000000008,4.17419999999995,5.362600000000044,3.9781999999999957,5.558599999999998,1.1884000000000938,True
906,8.5,8.586999999999941,8.171399999999931,9.002599999999951,7.992799999999894,9.181199999999988,7.79679999999994,9.377199999999942,1.1884000000000938,True
907,6.6,6.408000000000023,5.9924000000000115,6.823600000000034,5.813799999999976,7.0022000000000695,5.617800000000021,7.198200000000024,1.1884000000000938,True
908,6.0,5.819800000000017,5.404200000000006,6.235400000000028,5.22559999999997,6.414000000000064,5.029600000000015,6.610000000000018,1.1884000000000938,True
909,4.0,4.383199999999994,3.967599999999983,4.798800000000005,3.7889999999999473,4.977400000000041,3.592999999999993,5.173399999999996,1.1884000000000938,True
910,7.3,7.639599999999984,7.223999999999973,8.055199999999996,7.045399999999937,8.23380000000003,6.849399999999982,8.429799999999986,1.1884000000000938,True
911,5.0,5.359599999999976,4.943999999999965,5.7751999999999875,4.7653999999999295,5.953800000000023,4.569399999999975,6.149799999999978,1.1884000000000938,True
912,7.0,7.071999999999953,6.656399999999942,7.487599999999964,6.477799999999906,7.6662,6.281799999999952,7.862199999999954,1.1884000000000938,True
913,7.0,7.209000000000005,6.793399999999994,7.624600000000016,6.614799999999958,7.803200000000052,6.418800000000004,7.999200000000006,1.1884000000000938,True
914,6.3,5.947599999999999,5.531999999999988,6.36320000000001,5.353399999999952,6.541800000000046,5.157399999999997,6.7378,1.1884000000000938,True
915,5.1,4.966200000000011,4.5506,5.381800000000022,4.371999999999964,5.560400000000058,4.17600000000001,5.756400000000013,1.1884000000000938,True
916,8.0,7.461999999999998,7.046399999999987,7.877600000000009,6.867799999999951,8.056200000000045,6.671799999999997,8.252199999999998,1.1884000000000938,True
917,6.7,6.960400000000011,6.5447999999999995,7.376000000000022,6.366199999999964,7.5546000000000575,6.170200000000009,7.750600000000012,1.1884000000000938,True
918,5.5,5.3446000000000335,4.9290000000000225,5.760200000000045,4.750399999999987,5.9388000000000805,4.554400000000032,6.134800000000035,1.1884000000000938,True
919,5.9,5.778400000000039,5.3628000000000275,6.19400000000005,5.184199999999992,6.3726000000000855,4.988200000000037,6.56860000000004,1.1884000000000938,True
920,3.7,4.275199999999995,3.8595999999999835,4.690800000000006,3.6809999999999476,4.8694000000000415,3.484999999999993,5.065399999999996,1.1884000000000938,True
921,6.1,6.021599999999997,5.605999999999986,6.437200000000008,5.42739999999995,6.615800000000044,5.231399999999995,6.811799999999998,1.1884000000000938,True
922,6.9,7.2431999999999706,6.8275999999999595,7.658799999999982,6.648999999999924,7.8374000000000175,6.452999999999969,8.033399999999972,1.1884000000000938,True
923,5.4,5.082599999999965,4.666999999999954,5.498199999999976,4.488399999999918,5.676800000000012,4.292399999999963,5.872799999999966,1.1884000000000938,True
924,6.0,5.814000000000032,5.398400000000021,6.229600000000043,5.219799999999985,6.408200000000079,5.023800000000031,6.604200000000033,1.1884000000000938,True
925,6.8,6.761399999999961,6.34579999999995,7.176999999999972,6.167199999999914,7.355600000000008,5.97119999999996,7.551599999999962,1.1884000000000938,True
926,6.0,5.9519999999999955,5.5363999999999844,6.367600000000007,5.357799999999949,6.546200000000042,5.161799999999994,6.742199999999997,1.1884000000000938,True
927,5.0,4.788199999999971,4.37259999999996,5.203799999999982,4.1939999999999245,5.382400000000018,3.99799999999997,5.578399999999973,1.1884000000000938,True
928,5.4,5.320399999999962,4.904799999999951,5.735999999999973,4.726199999999915,5.914600000000009,4.530199999999961,6.110599999999963,1.1884000000000938,True
929,7.3,7.211999999999949,6.796399999999938,7.62759999999996,6.617799999999902,7.806199999999996,6.421799999999948,8.00219999999995,1.1884000000000938,True
930,4.5,4.847999999999979,4.432399999999968,5.2635999999999905,4.2537999999999325,5.442200000000026,4.057799999999978,5.638199999999981,1.1884000000000938,True
931,7.0,7.002599999999996,6.586999999999985,7.418200000000007,6.408399999999949,7.596800000000043,6.212399999999994,7.792799999999997,1.1884000000000938,True
932,6.4,5.952199999999998,5.536599999999987,6.367800000000009,5.357999999999951,6.546400000000045,5.161999999999996,6.742399999999999,1.1884000000000938,True
933,5.1,5.122199999999999,4.706599999999988,5.5378000000000105,4.5279999999999525,5.716400000000046,4.331999999999998,5.912400000000001,1.1884000000000938,True
934,5.9,6.180800000000018,5.765200000000007,6.596400000000029,5.586599999999971,6.775000000000065,5.390600000000017,6.97100000000002,1.1884000000000938,True
935,5.8,5.233199999999981,4.81759999999997,5.6487999999999925,4.6389999999999345,5.827400000000028,4.44299999999998,6.023399999999983,1.1884000000000938,True
936,4.1,4.3205333333333495,3.9049333333333385,4.736133333333361,3.7263333333333026,4.9147333333333965,3.530333333333348,5.110733333333351,1.1884000000000938,True
937,4.8,4.873799999999992,4.458199999999981,5.289400000000003,4.279599999999945,5.468000000000039,4.083599999999991,5.6639999999999935,1.1884000000000938,True
938,5.7,5.565199999999978,5.149599999999967,5.980799999999989,4.970999999999931,6.159400000000025,4.774999999999976,6.355399999999979,1.1884000000000938,True
939,7.8,7.577799999999987,7.162199999999976,7.9933999999999985,6.9835999999999405,8.172000000000034,6.787599999999986,8.367999999999988,1.1884000000000938,True
940,5.8,5.703800000000035,5.288200000000024,6.119400000000046,5.109599999999988,6.298000000000082,4.9136000000000335,6.494000000000036,1.1884000000000938,True
941,9.0,9.051399999999976,8.635799999999964,9.466999999999988,8.45719999999993,9.645600000000023,8.261199999999974,9.841599999999978,1.1884000000000938,True
942,6.3,6.625899999999995,6.210299999999984,7.041500000000006,6.031699999999948,7.220100000000042,5.835699999999994,7.416099999999997,1.1884000000000938,True
943,7.0,7.132599999999984,6.716999999999973,7.548199999999995,6.538399999999937,7.726800000000031,6.342399999999983,7.922799999999985,1.1884000000000938,True
944,4.7,4.9725999999999715,4.55699999999996,5.388199999999983,4.378399999999925,5.566800000000018,4.18239999999997,5.762799999999973,1.1884000000000938,True
945,7.6,7.829200000000042,7.413600000000031,8.244800000000053,7.234999999999995,8.42340000000009,7.039000000000041,8.619400000000043,1.1884000000000947,True
946,5.7,5.7394000000000025,5.323799999999991,6.155000000000014,5.145199999999956,6.333600000000049,4.949200000000001,6.529600000000004,1.1884000000000938,True
947,4.2,4.345399999999994,3.9297999999999833,4.7610000000000054,3.7511999999999475,4.939600000000041,3.555199999999993,5.135599999999996,1.1884000000000938,True
948,5.0,6.003600000000016,5.5880000000000045,6.419200000000027,5.409399999999969,6.5978000000000625,5.213400000000014,6.793800000000017,1.1884000000000938,False
949,4.9,5.4801,5.064499999999989,5.895700000000011,4.885899999999953,6.074300000000047,4.689899999999999,6.2703000000000015,1.1884000000000938,True
950,5.9,6.3626,5.9469999999999885,6.778200000000011,5.768399999999953,6.9568000000000465,5.572399999999998,7.152800000000001,1.1884000000000938,True
951,6.2,5.3441333333333265,4.9285333333333154,5.759733333333338,4.74993333333328,5.938333333333373,4.553933333333325,6.134333333333328,1.1884000000000938,False
952,7.0,7.237999999999967,6.822399999999956,7.653599999999978,6.64379999999992,7.832200000000014,6.447799999999965,8.028199999999968,1.1884000000000938,True
953,6.7,6.392199999999962,5.976599999999951,6.807799999999973,5.797999999999915,6.986400000000009,5.60199999999996,7.182399999999963,1.1884000000000938,True
954,4.0,4.256200000000005,3.840599999999994,4.671800000000016,3.661999999999958,4.850400000000052,3.4660000000000037,5.046400000000006,1.1884000000000938,True
955,8.0,8.083799999999988,7.668199999999977,8.499399999999998,7.489599999999941,8.678000000000035,7.293599999999986,8.873999999999988,1.1884000000000938,True
956,7.5,7.129199999999999,6.713599999999988,7.54480000000001,6.534999999999952,7.723400000000046,6.338999999999998,7.9194,1.1884000000000938,True
957,8.0,7.941000000000049,7.525400000000038,8.35660000000006,7.346800000000002,8.535200000000096,7.150800000000047,8.731200000000051,1.1884000000000938,True
958,5.3,5.2638000000000025,4.848199999999991,5.6794000000000135,4.669599999999956,5.858000000000049,4.473600000000001,6.054000000000004,1.1884000000000938,True
959,4.7,4.816999999999997,4.4013999999999855,5.232600000000008,4.22279999999995,5.4112000000000435,4.026799999999995,5.607199999999998,1.1884000000000938,True
960,5.1,4.871000000000027,4.455400000000016,5.286600000000038,4.27679999999998,5.465200000000074,4.080800000000026,5.661200000000028,1.1884000000000938,True
961,5.4,5.130799999999957,4.715199999999946,5.546399999999968,4.53659999999991,5.725000000000004,4.340599999999956,5.9209999999999585,1.1884000000000938,True
962,5.2,5.173799999999993,4.758199999999982,5.589400000000004,4.579599999999946,5.76800000000004,4.3835999999999915,5.963999999999994,1.1884000000000938,True
963,6.8,6.570599999999959,6.154999999999948,6.98619999999997,5.976399999999912,7.164800000000006,5.780399999999958,7.36079999999996,1.1884000000000938,True
964,6.3,5.978400000000011,5.5628,6.394000000000022,5.384199999999964,6.572600000000058,5.18820000000001,6.768600000000013,1.1884000000000938,True
965,6.9,6.456799999999966,6.041199999999955,6.872399999999977,5.862599999999919,7.051000000000013,5.666599999999964,7.246999999999967,1.1884000000000938,True
966,5.0,5.108999999999974,4.693399999999963,5.524599999999985,4.514799999999927,5.703200000000021,4.318799999999973,5.899199999999976,1.1884000000000938,True
967,7.6,7.694999999999951,7.27939999999994,8.110599999999963,7.1007999999999045,8.289199999999997,6.90479999999995,8.485199999999953,1.188400000000093,True
968,5.0,4.804199999999976,4.388599999999965,5.219799999999987,4.209999999999929,5.398400000000023,4.0139999999999745,5.594399999999977,1.1884000000000938,True
969,5.2,5.186599999999987,4.770999999999976,5.602199999999998,4.59239999999994,5.780800000000034,4.396399999999986,5.976799999999988,1.1884000000000938,True
970,6.2,6.644000000000008,6.228399999999997,7.059600000000019,6.049799999999961,7.238200000000055,5.853800000000007,7.4342000000000095,1.1884000000000938,True
971,8.0,8.0132,7.597599999999988,8.42880000000001,7.4189999999999525,8.607400000000046,7.222999999999998,8.8034,1.1884000000000938,True
972,6.0,5.848399999999989,5.432799999999978,6.264,5.254199999999942,6.442600000000036,5.058199999999988,6.6385999999999905,1.1884000000000938,True
973,6.2,6.797199999999999,6.381599999999988,7.21280000000001,6.202999999999952,7.391400000000046,6.006999999999998,7.587400000000001,1.1884000000000938,False
974,7.0,7.0640000000000045,6.648399999999993,7.479600000000016,6.469799999999958,7.658200000000051,6.273800000000003,7.854200000000006,1.1884000000000938,True
975,6.9,7.1402000000000045,6.7245999999999935,7.555800000000016,6.545999999999958,7.7344000000000515,6.350000000000003,7.930400000000006,1.1884000000000938,True
976,7.4,7.534599999999972,7.118999999999961,7.950199999999983,6.940399999999925,8.12880000000002,6.74439999999997,8.324799999999973,1.1884000000000947,True
977,4.2,4.320000000000005,3.9043999999999937,4.735600000000016,3.725799999999958,4.914200000000052,3.5298000000000034,5.110200000000006,1.1884000000000938,True
978,6.2,6.0,5.584399999999989,6.415600000000011,5.405799999999953,6.594200000000047,5.209799999999999,6.790200000000001,1.1884000000000938,True
979,8.6,8.469999999999985,8.054399999999973,8.885599999999997,7.875799999999938,9.064200000000032,7.679799999999983,9.260199999999987,1.1884000000000938,True
980,6.0,5.766599999999987,5.350999999999976,6.182199999999998,5.17239999999994,6.360800000000034,4.976399999999986,6.556799999999988,1.1884000000000938,True
981,4.2,4.490199999999977,4.074599999999966,4.905799999999988,3.8959999999999297,5.084400000000024,3.6999999999999753,5.280399999999978,1.1884000000000938,True
982,5.0,4.967999999999973,4.552399999999962,5.383599999999984,4.373799999999926,5.56220000000002,4.177799999999972,5.758199999999975,1.1884000000000938,True
983,7.3,6.477600000000012,6.062000000000001,6.893200000000023,5.883399999999965,7.071800000000059,5.687400000000011,7.267800000000014,1.1884000000000938,False
984,6.0,5.731000000000025,5.315400000000014,6.146600000000036,5.136799999999978,6.325200000000072,4.940800000000023,6.521200000000026,1.1884000000000938,True
985,4.8,5.129600000000009,4.713999999999998,5.54520000000002,4.535399999999962,5.723800000000056,4.3394000000000075,5.91980000000001,1.1884000000000938,True
986,6.9,6.986400000000004,6.570799999999993,7.402000000000015,6.392199999999957,7.580600000000051,6.196200000000003,7.7766000000000055,1.1884000000000938,True
987,4.2,4.295533333333322,3.8799333333333106,4.711133333333333,3.7013333333332747,4.889733333333369,3.5053333333333203,5.085733333333323,1.1884000000000938,True
988,7.0,6.827400000000055,6.411800000000044,7.243000000000066,6.233200000000008,7.421600000000102,6.037200000000054,7.617600000000056,1.1884000000000938,True
989,5.6,5.733400000000019,5.317800000000008,6.14900000000003,5.139199999999972,6.327600000000066,4.943200000000018,6.5236000000000205,1.1884000000000938,True
990,5.9,5.985600000000004,5.569999999999993,6.401200000000015,5.391399999999957,6.579800000000051,5.195400000000003,6.775800000000006,1.1884000000000938,True
991,4.9,5.012799999999995,4.597199999999984,5.428400000000006,4.418599999999948,5.607000000000042,4.222599999999994,5.802999999999996,1.1884000000000938,True
992,5.3,5.326800000000011,4.9112,5.742400000000022,4.732599999999964,5.921000000000058,4.53660000000001,6.117000000000012,1.1884000000000938,True
993,6.4,6.13939999999997,5.723799999999959,6.554999999999981,5.545199999999923,6.733600000000017,5.349199999999969,6.929599999999971,1.1884000000000938,True
994,7.0,6.846457142857141,6.43085714285713,7.262057142857152,6.252257142857094,7.440657142857188,6.05625714285714,7.636657142857143,1.1884000000000938,True
995,6.5,6.893400000000036,6.477800000000025,7.309000000000047,6.299199999999989,7.487600000000083,6.103200000000035,7.6836000000000375,1.1884000000000938,True
996,8.7,8.343399999999992,7.927799999999981,8.759000000000004,7.749199999999945,8.937600000000039,7.553199999999991,9.133599999999994,1.1884000000000938,True
997,8.3,8.041999999999993,7.626399999999982,8.457600000000003,7.447799999999946,8.63620000000004,7.251799999999991,8.832199999999993,1.1884000000000938,True
998,5.4,5.449199999999998,5.0335999999999865,5.864800000000009,4.854999999999951,6.0434000000000445,4.658999999999996,6.239399999999999,1.1884000000000938,True
999,6.1,5.737599999999982,5.321999999999971,6.153199999999993,5.143399999999935,6.331800000000029,4.9473999999999805,6.527799999999983,1.1884000000000938,True
